epoch,train_mae_debye,validation_mae_debye,interval_test_mae_debye,learning_rate,epoch_duration_seconds,maximum_pre_clip_gradient_norm
1,0.7509261379429566,0.5852815689267339,,0.0004999888745376027,48.366070272,11.351470947265625
2,0.5038550073377459,0.39719098661396957,,0.0004999554991406182,43.73560310100004,6.327075481414795
3,0.36606129276031724,0.37075095482774684,,0.0004998998767795803,43.72344163499997,7.339336395263672
4,0.30251695025504893,0.28854496672346786,,0.0004998220124050849,43.609183180999935,8.155417442321777
5,0.2726024720753452,0.26005292583156275,,0.0004997219129473494,43.503295621999996,7.871853828430176
6,0.2453531666360295,0.23332615704149814,,0.0004995995873155957,42.85936077100007,7.57371711730957
7,0.2318336907881464,0.21116828620433808,,0.0004994550463972576,43.509104041,8.5572509765625
8,0.21850053185235974,0.2151878544607678,,0.0004992883030570114,43.11501585799999,8.3239164352417
9,0.20455246660393625,0.17961196061727164,,0.0004990993721356314,42.94435043300007,8.469840049743652
10,0.1890363283884388,0.16448375389382647,0.1637425936051529,0.0004988882704486684,42.8396304690001,8.441234588623047
11,0.18346565062333892,0.22222323868725752,,0.0004986550167849534,43.84267200299996,8.417049407958984
12,0.1763954428087155,0.1474998942500836,,0.0004983996319049255,43.902119309,8.187972068786621
13,0.17092815783024978,0.15289289125719585,,0.0004981221385387835,43.27554994600018,9.026576042175293
14,0.1645351642610473,0.16697263951237137,,0.0004978225613844635,43.86560866400009,9.315617561340332
15,0.15624317381666855,0.15315785585223018,,0.0004975009271054406,43.55000007600006,8.239041328430176
16,0.1489253612431821,0.1577820711039208,,0.0004971572643283553,43.1320837369999,8.409035682678223
17,0.14798326030974196,0.14808490965011958,,0.0004967916036404661,43.562511315000165,9.340190887451172
18,0.14385998574391207,0.16082271699969833,,0.0004964039775869267,43.364973772999974,8.804418563842773
19,0.13830487546645062,0.1406912783513198,,0.00049599442066789,43.27998563899996,9.263315200805664
20,0.13647639612004075,0.12676784384089548,0.12844707098973057,0.0004955629693354366,43.00339246599992,10.180288314819336
21,0.13238899092299009,0.12087398082823367,,0.0004951096619903313,43.35728239000014,9.807445526123047
22,0.12974452347478574,0.12396072982936292,,0.0004946345389786046,42.92749600700017,9.851284980773926
23,0.1269616968143238,0.12527562887281984,,0.000494137642587962,42.70389449900017,9.238021850585938
24,0.12661687417703033,0.12848233250347343,,0.0004936190170440204,41.89313266399995,9.973962783813477
25,0.12457386753209035,0.1222392182897877,,0.0004930787085063719,42.50105881100012,9.315366744995117
26,0.11814814535704318,0.11552855807381707,,0.0004925167650644748,42.39938034099987,8.835965156555176
27,0.1180652802999555,0.10913646289625684,,0.0004919332367333744,42.384330256999874,9.589098930358887
28,0.11748301780527018,0.12485337035881507,,0.0004913281754492505,41.78465107400007,10.193584442138672
29,0.11479892544519879,0.11409647186865678,,0.0004907016350647957,42.358123719000105,8.486342430114746
30,0.1141404925261029,0.10356247497571482,0.10382877540414351,0.0004900536713444221,42.216768768000065,10.200956344604492
31,0.11269368338550578,0.10729396411695996,,0.0004893843419592974,42.276811798999915,10.135320663452148
32,0.1123493449930495,0.12433930873065381,,0.0004886937064822131,41.553271677999874,11.171870231628418
33,0.11058741398227193,0.09734455330951794,,0.00048798182638228136,42.10779470300008,11.719932556152344
34,0.10870758733656723,0.09732273039785591,,0.00048724876501946447,42.04771257499988,10.75892162322998
35,0.10664641623333411,0.1090351052783631,,0.00048649458763893536,41.48789541399992,10.871009826660156
36,0.1044237698766183,0.10131496738743137,,0.0004857193613652708,42.04419343099971,9.54211139678955
37,0.10466002609630808,0.09247000857784941,,0.0004849231551964768,42.08086706799986,10.00973129272461
38,0.10101756345545033,0.09965461778479653,,0.00048410603999784774,41.97072399700028,9.794673919677734
39,0.10140360994067851,0.09330633391399641,,0.000483268088495659,41.503984739000316,12.895912170410156
40,0.10043012692580525,0.09970162184657277,0.09370514522068692,0.0004824093752706939,42.01931426800002,10.487460136413574
41,0.09953460588536427,0.12385233741354298,,0.0004815299767516061,42.02165336300004,10.034252166748047
42,0.10026364202562885,0.14475460741165522,,0.0004806299712081168,41.91150765700013,10.527626037597656
43,0.09784307920028976,0.09954598485618024,,0.00047970943874404867,41.50948703599988,9.655731201171875
44,0.0974200494630323,0.08920736457850482,,0.0004787684612901961,42.040062904000024,10.680554389953613
45,0.09714208416740862,0.1216584721529806,,0.00047780712259703356,41.973925536000024,11.315682411193848
46,0.0945451532860578,0.10785881321172457,,0.0004768255082272607,41.44665665000002,10.44186782836914
47,0.0927741296496421,0.07720188941504504,,0.0004758237055481877,41.95879097800025,12.726118087768555
48,0.09243433633658342,0.09453946960133475,,0.00047480180372395876,42.0055374640001,10.739502906799316
49,0.09288684088886928,0.10703131991463738,,0.0004737598937076165,42.03346860700003,13.347838401794434
50,0.09234011422077662,0.08687636622705976,0.07908099114786099,0.00047269806823300667,41.4913117570004,10.00861644744873
51,0.09088779979826965,0.08377488009833,,0.00047161642180652423,42.00938708700005,9.928727149963379
52,0.09058033515146849,0.08947330487741006,,0.0004705150506987024,41.998959787999866,10.7117338180542
53,0.08852323406016643,0.10993223170170913,,0.000469394052935644,41.9398480699997,11.388262748718262
54,0.08823318062296527,0.09029614349474778,,0.00046825352829029667,41.48845376300005,12.499756813049316
55,0.09184402266728214,0.09213598986735215,,0.0004670935782735728,42.03862970699993,10.528475761413574
56,0.08915609611473592,0.09431298947012103,,0.00046591430612531477,41.990698515000076,10.812559127807617
57,0.08776336546894342,0.08911088121098441,,0.0004647158168051062,41.49750925499984,10.271110534667969
58,0.08712028207940241,0.10968518104102161,,0.00046349821698292974,41.97352686000022,10.241957664489746
59,0.0845544495567994,0.0851452103337726,,0.000462261615029674,41.960459885999626,9.743041038513184
60,0.08410936661221931,0.11872062936827943,0.0791378793218275,0.0004610061210074872,41.957843429999684,10.84566593170166
61,0.08328745168438914,0.07902636723341168,,0.00045973184665998144,41.44746044400017,11.156963348388672
62,0.08359882979512558,0.08655441455744409,,0.0004584389054022875,41.98999484599972,10.73498821258545
63,0.08197687748969745,0.07859813470292736,,0.0004571274123109601,41.920491975999994,11.475625991821289
64,0.08061284091030453,0.08361746221780778,,0.0004557974841137359,41.929611037000086,11.496265411376953
65,0.08248952772618484,0.10377329700701945,,0.000454449239179144,41.4628774759999,12.1509370803833
66,0.08244398913762734,0.08736178315169102,,0.00045308279750597103,41.982402306999575,11.548871040344238
67,0.07907356270329736,0.07307556575617274,,0.0004516982807125806,41.957191027000135,11.570125579833984
68,0.07966531160325098,0.08310572281479836,,0.00045029581202608897,41.90516239699991,10.114988327026367
69,0.0802683705238772,0.07272637059559693,,0.0004488755162713971,41.43899344900001,12.234323501586914
70,0.07671863696182186,0.07553686231777475,0.0747394907376627,0.00044743751986008116,41.94669377699984,12.745800971984863
71,0.0775769362315507,0.08984695922684025,,0.0004459819507791411,41.94295446900014,10.742579460144043
72,0.07767424733876724,0.07952097533522426,,0.0004445089385796095,41.413036712999656,10.140300750732422
73,0.07756398868480709,0.07149070489245492,,0.0004430186143650212,41.949867950000225,10.227133750915527
74,0.07608745428027439,0.09032158839541513,,0.0004415111107797441,41.861628798999845,10.897506713867188
75,0.07581985259210537,0.07559955804734617,,0.000439986561997174,41.9666811940001,9.03142261505127
76,0.074424991766688,0.07331530784030219,,0.000438445103707792,41.47478122299981,10.499096870422363
77,0.07435562380459053,0.07927004481489594,,0.00043688687310708803,41.942833099999916,9.607650756835938
78,0.07313650946942607,0.0715036685805063,,0.0004353120088833497,41.95006549399977,10.090448379516602
79,0.07276512279520223,0.09210684009500451,,0.00043372065120531863,41.9410972820001,11.709108352661133
80,0.07510495122214654,0.08109866412910255,0.07259680885468087,0.0004321129417097149,41.44449720400007,10.952268600463867
81,0.07340944568749924,0.0808361147706573,,0.0004304890234886308,41.978754150999976,11.320047378540039
82,0.07270758061700155,0.08448351980061145,,0.00042884904107679515,41.98844536100023,10.89700984954834
83,0.07179474758052208,0.0781201547666176,,0.00042719314043870925,41.92703716999995,10.297120094299316
84,0.07098716357991014,0.07496812961794234,,0.0004255214689556553,41.41813613800059,10.679512023925781
85,0.07019694623557025,0.0657497497426497,,0.00042383417541257915,41.93716013699941,10.062532424926758
86,0.07093823205629603,0.08727029286123611,,0.0004221314099848477,41.931435696000335,11.096092224121094
87,0.06976749584607908,0.07567990436344534,,0.00042041332422488285,41.401623265000126,10.04850959777832
88,0.06945191150005628,0.07159098080686621,,0.0004186800710486728,41.92394168699957,11.08495807647705
89,0.06966397425449398,0.06300870470098548,,0.0004169318047221617,41.94462171499981,11.918022155761719
90,0.06909817077519798,0.08328177959129617,0.06374187511901785,0.00041516868084751996,41.867804227000306,10.157312393188477
91,0.06999267196200516,0.07096061718624991,,0.00041339085634929445,41.356860695999785,12.115796089172363
92,0.06835225728231405,0.07264765466789941,,0.0004115984894604419,41.922654379999585,9.813788414001465
93,0.0672341935951513,0.07817478908880336,,0.00040979173970824584,41.891319697000654,10.907374382019043
94,0.06916191609801578,0.07719647866245863,,0.00040797076790011764,41.91344459599986,10.862330436706543
95,0.06694599187033762,0.06434665839817073,,0.00040613573610928444,41.426245210999696,12.222267150878906
96,0.06611922935666713,0.07814009157386986,,0.00040428680766036346,41.905897965000804,10.963930130004883
97,0.06613548693824524,0.07920896296162863,,0.0004024241471148265,41.87718746599967,9.840296745300293
98,0.06576721566495076,0.0774301439926431,,0.0004005479202563521,41.41008909300035,10.403182029724121
99,0.06545360931579645,0.06457909520816159,,0.00039865829407607136,41.93294899400007,11.546716690063477
100,0.06374101878470972,0.0973543760341567,0.06382832257416997,0.0003967554367577043,41.9322036450003,10.064108848571777
101,0.06411328051246402,0.06829964562847808,,0.0003948395176625914,41.83602592199986,10.815625190734863
102,0.06489765242585865,0.06512516978624705,,0.00039291070731461937,41.43501844799994,11.151520729064941
103,0.06332664521350284,0.06626302416662912,,0.00039096917738504417,41.92860138600008,10.604255676269531
104,0.06257735562802162,0.07103955685286908,,0.0003890151006772116,41.859836732000076,9.944866180419922
105,0.06292665404072764,0.069951022295533,,0.0003870486511111772,41.91880334199959,10.135296821594238
106,0.06341761636284972,0.08038087799339681,,0.0003850700037082265,41.374367649000305,11.747259140014648
107,0.06307650876594367,0.06324649060497413,,0.00038307933457529773,41.958857660999456,11.722936630249023
108,0.06239648065717458,0.06238727442718841,,0.00038107682088930764,41.9270228080004,10.774873733520508
109,0.06070051314005353,0.07607590286312876,,0.0003790626408813819,41.38141259399981,10.134698867797852
110,0.06252372929122077,0.060987349156592346,0.06168854554748013,0.000377036973820992,41.933161657999335,9.666179656982422
111,0.060283261049188484,0.0579613446987964,,0.0003749999999999997,41.94834448899928,9.694745063781738
112,0.059036516010646856,0.06256861932374336,,0.00037295190071661013,41.92443279700001,10.06008529663086
113,0.05999438839673195,0.06873011730007224,,0.0003708928582592358,41.429584348999924,11.31806468963623
114,0.059834103498629325,0.088080424634186,,0.0003688230558902722,41.96798764799951,10.392797470092773
115,0.05864325414577967,0.08581754428309363,,0.0003667426778297867,41.961207950000244,9.860614776611328
116,0.058965835695274735,0.07372829229445071,,0.00036465190923912243,41.95532169099988,9.814800262451172
117,0.0586395054490747,0.0579393408789828,,0.00036255093620441803,41.45120206899992,9.648089408874512
118,0.05847973102657214,0.06268933798010284,,0.0003604399457200455,41.92315689800034,11.560258865356445
119,0.05953460027268889,0.06751429227155609,,0.00035831912567196693,41.93290439299926,10.942071914672852
120,0.05736951633301097,0.06543354565227354,0.05939077577778023,0.00035618866482101173,41.932824943000014,9.709351539611816
121,0.057753964343363856,0.06513225607372619,,0.0003540487527860767,41.47716219800077,10.353885650634766
122,0.059265815747647964,0.055936918588908945,,0.00035189958002724886,41.953208857999925,10.813944816589355
123,0.05675928172389056,0.060664555732462856,,0.00034974133782885385,41.93322415300008,10.507973670959473
124,0.05614448728436701,0.053990114762170895,,0.00034757421828243116,41.43982832199981,10.100199699401855
125,0.05715474961843921,0.052014953240349486,,0.0003453984142696369,41.97436994899999,11.124283790588379
126,0.05675874107772924,0.06427258353781055,,0.00034321411944507693,41.999942997999824,9.212373733520508
127,0.05612932029403675,0.05869267570811349,,0.0003410215282190707,41.90119015200071,10.419878005981445
128,0.05580390698764466,0.058200440213486956,,0.00033882083574034817,41.444664220999584,9.800819396972656
129,0.05482835055198413,0.059215404878597,,0.0003366122378786807,41.99378276100015,10.482009887695312
130,0.055496297855352025,0.05474141507938102,0.05303049560663474,0.0003343959312074478,41.899065309000434,10.93145751953125
131,0.054306351467109,0.05690594031601339,,0.000332172112986142,41.904509029999645,9.385642051696777
132,0.05358128727283221,0.06606689915060997,,0.00032994098114281107,41.42503712400048,10.19055461883545
133,0.0543068951449845,0.06305559035894033,,0.00032770273425644257,41.99914026100032,10.006807327270508
134,0.052640758200965095,0.06213001522260743,,0.0003254575715392889,41.912213515000076,10.868012428283691
135,0.0533365579733121,0.05454937304193909,,0.0003232056928191373,41.91872210400015,9.71430492401123
136,0.05220637178752793,0.07061898190830206,,0.0003209472985215239,41.42051722400083,9.962158203125
137,0.05185112767922558,0.06182623827779615,,0.00031868258965189544,41.91536876099963,10.681185722351074
138,0.05239800046664625,0.06681394158182917,,0.0003164117677777188,41.917796007000106,10.390674591064453
139,0.05198600879314422,0.059511261936780566,,0.000314135035010541,41.33737594500053,9.9601469039917
140,0.051079788747567134,0.05587361223391584,0.05300688126335179,0.00031185259398800033,41.915368374000536,11.11921215057373
141,0.05047287923532347,0.053698916874221854,,0.000309564647855791,41.86577218000002,10.368244171142578
142,0.05031995383411245,0.054136390218863614,,0.0003072714002495822,41.98509190000004,9.933265686035156
143,0.04996901633300159,0.05457103343026058,,0.00030497305527689417,41.38257870600046,9.846245765686035
144,0.04983999052097495,0.057066331461474704,,0.0003026698174989313,41.9625962150003,10.953347206115723
145,0.04975385714729894,0.06085350120792518,,0.00030036189191237606,41.93120376299976,9.991792678833008
146,0.04884246768404849,0.06488513298131324,,0.000298049483931143,41.991525630999604,10.799341201782227
147,0.04814030578620946,0.05587680573399002,,0.00029573279936809634,41.42304321000029,9.994659423828125
148,0.048882475440996394,0.049900447899425354,,0.00029341204441673234,41.90623354299987,9.502974510192871
149,0.04763008112842199,0.055675796238151755,,0.0002910874256328263,41.9396634779996,11.26654052734375
150,0.04878167653610061,0.053365746543214125,0.05096691332920624,0.0002887591499160492,41.404704235999816,10.072389602661133
151,0.04757458316573369,0.05544176901111732,,0.00028642742449155255,41.487938495999515,10.499190330505371
152,0.04701088528701188,0.05388707226595363,,0.0002840924568915247,41.98794751999958,9.632978439331055
153,0.04711057231073302,0.048529593646526335,,0.00028175445493671937,41.98255759699987,11.404383659362793
154,0.047151482830292434,0.055793562732838295,,0.0002794136267179593,41.44842678999976,10.119714736938477
155,0.04650968514854757,0.05511515863441132,,0.00027707018057761517,41.98206726199987,10.355838775634766
156,0.04715871608560465,0.060141715890652425,,0.0002747243250910622,41.95817019199967,10.923054695129395
157,0.0465012703165984,0.07325943911800513,,0.0002723762690481164,41.99331658099982,10.0549955368042
158,0.046158240786297766,0.04831892020396284,,0.0002700262214344515,41.42297878499994,10.783447265625
159,0.045287145705689855,0.04952920731660482,,0.00026767439141299834,42.01202139399993,9.013318061828613
160,0.045591340276936426,0.0535371641452248,0.04894356568255564,0.0002653209883053288,41.931472253999345,11.331653594970703
161,0.044886805124280546,0.053721470224696234,,0.000262966221573025,41.91688895599964,10.825783729553223
162,0.044236392580015646,0.04667540251000508,,0.00026061030079903687,41.43973197899959,10.234720230102539
163,0.04402287584870711,0.04876150065982664,,0.00025825343566902815,41.982708012999865,10.330357551574707
164,0.04454874414628847,0.04824491300292917,,0.0002558958359527141,42.00657434100049,10.051857948303223
165,0.043561909197616946,0.049858471247795466,,0.00025353771148519034,41.45611472000019,10.234464645385742
166,0.043967555187671176,0.04968151182338998,,0.0002511792721482578,41.99986181499935,9.976548194885254
167,0.042895866304121184,0.0541320157010813,,0.00024882072785174173,41.97429992100024,8.653434753417969
168,0.04360043120010972,0.05299823709033631,,0.00024646228851480924,41.93932622900047,10.510652542114258
169,0.04285333659356878,0.047623568128895115,,0.00024410416404728558,41.43583203900016,10.229086875915527
170,0.04255435345676547,0.0546431219054235,0.04744870811156983,0.00024174656433097142,41.95716751500004,10.268342971801758
171,0.04156280784812289,0.0490415427733112,,0.0002393896992009627,41.93567422999968,10.112335205078125
172,0.04217864343299461,0.05371904471838797,,0.0002370337784269745,41.95144499300022,11.57123851776123
173,0.041320734510766684,0.04658123699797166,,0.0002346790116946707,41.42430311299995,8.685776710510254
174,0.041040400920825476,0.04863130673766136,,0.00023232560858700116,41.981246789999204,10.771451950073242
175,0.04054325315457789,0.049520932822614105,,0.00022997377856554807,41.9286436780003,10.531250953674316
176,0.041254345443807613,0.04902017686415363,,0.00022762373095188318,41.465000619999955,10.553605079650879
177,0.04075566472954004,0.049220932536833996,,0.00022527567490893732,42.02560283399998,9.579426765441895
178,0.039574615721681985,0.05259135697741766,,0.00022292981942238432,41.9656876199997,9.939779281616211
179,0.03906032261250973,0.04667641393638946,,0.00022058637328204014,41.9864368110002,9.516100883483887
180,0.03924363656523647,0.056454226435036274,0.04736921933554385,0.00021824554506328012,41.48659360700094,10.963950157165527
181,0.03930560829593387,0.04910401109908078,,0.00021590754310847485,42.0266910420014,9.620332717895508
182,0.038288273194343594,0.04707179901164931,,0.00021357257550844698,41.98142485700009,10.010995864868164
183,0.0392822168442115,0.045966273848269436,,0.0002112408500839504,42.03003513800104,8.82883071899414
184,0.0388960029336404,0.04646291690501007,,0.00020891257436717335,41.47672405599951,9.269966125488281
185,0.03833003327672346,0.04702221485408577,,0.0002065879555832673,41.972451587998876,9.78016185760498
186,0.037451781968866796,0.04584624759248785,,0.0002042672006319032,42.014953729998524,9.148993492126465
187,0.03826111318425574,0.050179388051902925,,0.0002019505160688566,41.9756523240012,10.468817710876465
188,0.03734398963405338,0.04590069832834037,,0.00019963810808762352,41.48617960400043,9.389066696166992
189,0.0373529735773859,0.04584274503427583,,0.00019733018250106825,41.97895247299857,9.505570411682129
190,0.03643884258827413,0.0442105191583569,0.044614765276439,0.00019502694472310544,41.98272874099894,8.206670761108398
191,0.03685469494421114,0.046877905988209956,,0.00019272859975041735,41.945295899000484,9.640864372253418
192,0.036667039092351285,0.04747942915639362,,0.00019043535214420857,41.41246122099983,10.427339553833008
193,0.03607810642963522,0.04389128864214227,,0.00018814740601199925,41.99971331400047,8.778135299682617
194,0.03563730867361496,0.0458810171565494,,0.0001858649649894586,41.98284913899988,9.853865623474121
195,0.035843405731365574,0.044108505426226435,,0.0001835882322222808,41.42029165900021,8.703797340393066
196,0.035212637062922776,0.045627675487382995,,0.0001813174103481042,41.96667888000047,9.9091215133667
197,0.034982014184678244,0.04699078385491629,,0.00017905270147847572,41.99013906000073,9.567180633544922
198,0.0346934335098929,0.045244296338107136,,0.00017679430718086224,41.98587273799967,9.48363971710205
199,0.03436361922348015,0.045671386070348124,,0.00017454242846071065,41.443014752001545,8.67241382598877
200,0.0343083761089022,0.04228049106895924,0.04335784961054795,0.00017229726574355706,41.95812499600106,8.696080207824707
201,0.03361303674775728,0.04311939284608171,,0.00017005901885718856,41.98637823899844,9.954805374145508
202,0.03343324431874244,0.0427851896632362,,0.0001678278870138577,41.97223174500141,9.511882781982422
203,0.033627533448606216,0.044250928771656914,,0.00016560406879255184,41.511533520999365,8.953282356262207
204,0.03384877094594965,0.043097724463488606,,0.00016338776212131904,41.95413216199995,8.449396133422852
205,0.03394132720453096,0.04231546158726151,,0.00016117916425965152,41.98829584899977,11.065801620483398
206,0.03337006796787773,0.04482807406299823,,0.000158978471780929,41.468374316000336,8.847532272338867
207,0.032783399779356716,0.041944423801190144,,0.0001567858805549228,42.01665212199987,8.319063186645508
208,0.03255906300315358,0.0422258965973113,,0.00015460158573036274,41.894665840000016,9.28940200805664
209,0.03232515755425888,0.04082008239787978,,0.0001524257817175685,41.919235456000024,9.51120662689209
210,0.03183558314588214,0.04311884820864007,0.04168141345038031,0.00015025866217114578,41.49575088999882,9.44528579711914
211,0.031645371414177594,0.04351976177579648,,0.00014810041997275085,42.05402587900062,10.472105026245117
212,0.03122510027404939,0.04301170944362073,,0.00014595124721392298,42.008849605999785,9.045894622802734
213,0.031051377242077106,0.04238945218558247,,0.0001438113351789879,42.01442215899988,9.632567405700684
214,0.030912027660321136,0.04026115390698652,,0.00014168087432803278,41.52251485499983,8.850268363952637
215,0.030785646105467586,0.04100780621976466,,0.0001395600542799541,41.97249099400142,10.390470504760742
216,0.030258798122677715,0.04316489305850622,,0.00013744906379558163,41.98014404499918,9.451991081237793
217,0.030212849469751748,0.043482647594567894,,0.00013534809076087723,41.476255793000746,9.802079200744629
218,0.03015222189315164,0.03888472435442177,,0.00013325732217021289,41.935722764001184,10.732019424438477
219,0.029763936758713506,0.04267665375326131,,0.00013117694410972735,41.979152169999,9.428415298461914
220,0.029378088234053235,0.042366930177888354,0.03976535440905251,0.00012910714174076382,42.002706312001465,8.681413650512695
221,0.029038625535145832,0.03832257058773492,,0.00012704809928338945,41.46591259399975,9.46001148223877
222,0.029060502629548367,0.039780664625200066,,0.00012499999999999995,41.97035471500021,8.74985122680664
223,0.028523918221599196,0.039267976843827476,,0.0001229630261790076,42.031132861000515,9.151678085327148
224,0.028800825420373804,0.039732849316017047,,0.00012093735911861768,41.99213289999898,8.616859436035156
225,0.028510001268159176,0.03994336210795351,,0.00011892317911069202,41.504796543998964,9.505736351013184
226,0.027977925081757,0.03939256759712825,,0.0001169206654247019,42.054825887000334,8.229345321655273
227,0.027854065766518724,0.04026092163010223,,0.0001149299962917732,42.040515889000744,8.77102279663086
228,0.027817080703683755,0.03927474819325112,,0.00011295134888882248,41.99798153499978,9.033340454101562
229,0.027791665337851088,0.03870274443682786,,0.00011098489932278808,41.52664401699985,9.434431076049805
230,0.02726848681963222,0.03815854009542916,0.03862869135872291,0.00010903082261495538,42.021614044999296,9.68398380279541
231,0.026914869193809962,0.03801685410576898,,0.00010708929268538025,41.977974119001374,8.046727180480957
232,0.026830193870870715,0.04031910703995743,,0.00010516048233740815,41.47543514499921,8.120426177978516
233,0.026525201039985822,0.03907826998950662,,0.00010324456324229527,41.43654663199959,9.142193794250488
234,0.026525070551146473,0.03843941780159602,,0.00010134170592392827,41.94167448799999,8.897573471069336
235,0.026133544657257833,0.037579018330654586,,9.94520797436476e-05,42.01873606300069,8.846077919006348
236,0.02582672302166068,0.03823788834584726,,9.757585288517321e-05,41.42240699300055,10.068024635314941
237,0.02589992379801859,0.040139601782367036,,9.57131923396362e-05,41.97310294300041,10.151371002197266
238,0.025514455229730386,0.0388823301002786,,9.386426389071524e-05,41.9642242630016,9.643747329711914
239,0.02531962314774345,0.03733300744883112,,9.20292320998819e-05,41.965606693000154,7.807912349700928
240,0.02508781652811793,0.04020369869430323,0.038015979648071484,9.020826029175374e-05,41.43698770500123,8.880219459533691
241,0.024886381092004035,0.037512439267860874,,8.840151053955763e-05,42.01618461399994,8.519655227661133
242,0.02455034095171889,0.03754875784790194,,8.66091436507051e-05,41.95215139500033,9.516986846923828
243,0.02479745078145485,0.03722146699154699,,8.48313191524796e-05,42.014522332001434,9.407865524291992
244,0.024279112571889746,0.03811367182312785,,8.306819527783783e-05,41.51038487400001,7.8749589920043945
245,0.024346995083418553,0.038977364752743694,,8.131992895132676e-05,41.94740386199919,9.37335205078125
246,0.023944907810989475,0.036382974764785254,,7.958667577511675e-05,42.01844493400131,9.289314270019531
247,0.023671926174405784,0.03615735421913701,,7.786859001515187e-05,41.484715964001225,8.788581848144531
248,0.023538542736228733,0.0360702507801958,,7.61658245874205e-05,42.029116447998604,9.196378707885742
249,0.023473620176987432,0.03739167780086801,,7.44785310443443e-05,41.951281486999505,8.460192680358887
250,0.023088055333898416,0.037259845677259804,0.03656136977357151,7.280685956129041e-05,41.984796609000114,8.992303848266602
251,0.022808885272420698,0.036170047511522835,,7.11509589232044e-05,41.45733842899972,7.567168235778809
252,0.022810557824979587,0.036497220960823265,,6.951097651136883e-05,41.946060697000576,9.410867691040039
253,0.022568211558269564,0.036486175072354236,,6.788705829028468e-05,41.98770264099949,8.010408401489258
254,0.02253671653475791,0.03629296184391589,,6.6279348794681e-05,41.99544007999975,10.35877799987793
255,0.02219846836986617,0.03651513174377583,,6.468799111664988e-05,41.45751294399997,10.814090728759766
256,0.022118505181641015,0.0356019380024156,,6.31131268929116e-05,42.01420941200013,8.981282234191895
257,0.021829762739163327,0.0351719408220536,,6.15548962922076e-05,41.90833693000059,7.609182357788086
258,0.02167474547036407,0.03557184136195763,,6.001343800282564e-05,41.453641561998666,8.198243141174316
259,0.021681274786133912,0.035746438912040476,,5.848888922025548e-05,41.9959572000007,7.980570316314697
260,0.02132649767443166,0.03580589662935283,0.03596408322562267,5.6981385634978414e-05,42.03721274899908,7.779901504516602
261,0.021211731472837374,0.035471245938458955,,5.549106142039014e-05,41.966062462999616,9.1513671875
262,0.021278501354200827,0.0355834778700326,,5.401804922085856e-05,41.44559594900056,9.124212265014648
263,0.020954039625308677,0.03523652125653383,,5.2562480139918454e-05,42.06016474199896,7.123347759246826
264,0.020826467589051562,0.03465975890489849,,5.112448372860245e-05,42.02046461700047,9.536209106445312
265,0.02054187146260362,0.03563179663709692,,4.97041879739106e-05,41.98174104700047,8.299444198608398
266,0.0203827791498713,0.03510888187667808,,4.830171928741888e-05,41.49770764999994,6.6850690841674805
267,0.02028798470595376,0.03536514523061546,,4.691720249402853e-05,41.96638318700025,7.641729354858398
268,0.02007151748484533,0.035170826527315215,,4.5550760820855545e-05,41.97693465699922,7.0879130363464355
269,0.020085218218611034,0.03481622037251254,,4.42025158862637e-05,41.49830304399984,9.096931457519531
270,0.019797721889313318,0.034793045502659437,0.03522394146144825,4.287258768903946e-05,41.93856150299871,6.621775150299072
271,0.01968805438207888,0.034558354972584825,,4.156109459771213e-05,41.9075643469987,8.40555191040039
272,0.01941261103022808,0.03476964239333127,,4.02681533400181e-05,41.99325001499892,7.242323875427246
273,0.01933233821121064,0.034946881476286294,,3.899387899251239e-05,41.46938784899976,8.335992813110352
274,0.01932850070726734,0.034735430646184326,,3.77383849703255e-05,42.02609734200087,8.372939109802246
275,0.01905920550910016,0.034622429935513316,,3.65017830170698e-05,42.00372880000032,7.04673957824707
276,0.018998386145295885,0.034418293320246644,,3.5284183194893455e-05,42.01621263299967,8.90382194519043
277,0.01889170391034628,0.03402088585536222,,3.408569387468485e-05,41.48234358599984,6.117122173309326
278,0.0187937627526826,0.03414531978400978,,3.290642172642683e-05,41.97801054299998,7.433377265930176
279,0.01861151090542466,0.03408594609716454,,3.174647170970299e-05,42.004819256999326,6.979142665863037
280,0.01848451646613297,0.03441106597515377,0.03476392984879713,3.060594706435557e-05,41.989023846001146,7.538590431213379
281,0.018435852300025337,0.034283489129833276,,2.9484949301297138e-05,41.4791359030005,8.01161003112793
282,0.018301676946286392,0.0339053358379248,,2.8383578193475343e-05,42.031458327999644,8.335021018981934
283,0.01819571150080685,0.03394708460247194,,2.7301931766992893e-05,41.943484433000776,9.61525821685791
284,0.018098060996226982,0.033752652086518904,,2.6240106292383e-05,41.501106626001274,8.27618408203125
285,0.017986944376092384,0.03415039769701055,,2.519819627604076e-05,41.43974544000048,8.046109199523926
286,0.01779076406346087,0.033808311276339195,,2.417629445181192e-05,42.01770881699849,8.935832023620605
287,0.017757130641089806,0.03390014276311204,,2.3174491772738876e-05,42.05700648500169,7.839172840118408
288,0.0176220771922746,0.03420217567803086,,2.2192877402966088e-05,41.543995001999065,6.768701553344727
289,0.017476826139337844,0.03380508454063454,,2.123153870980347e-05,41.98745729300026,7.414665699005127
290,0.017369967618074102,0.03370196932070964,0.03409684034757805,2.0290561255951007e-05,42.03016626700082,6.980897903442383
291,0.017318898979073922,0.033920773330169754,,1.9370028791882834e-05,41.9058085380002,6.3450822830200195
292,0.017212223176685325,0.03354302564182797,,1.8470023248393544e-05,41.45367622199956,6.494140148162842
293,0.01704771599362313,0.03364450678833433,,1.759062472930571e-05,41.95858395899995,6.76188325881958
294,0.017059226827821097,0.033614129724132046,,1.6731911504340654e-05,41.990670391000094,7.114677906036377
295,0.01691182415875215,0.033467175217496384,,1.589396000215189e-05,42.013469921999786,5.82961893081665
296,0.01685514657949446,0.033560711024580775,,1.5076844803522908e-05,41.496213866999824,6.1929450035095215
297,0.016858258137154088,0.033373313820039906,,1.4280638634728936e-05,41.979571887999555,7.710067272186279
298,0.016777597651092938,0.03346893501442832,,1.3505412361064412e-05,42.02007001899983,6.93552303314209
299,0.01659927749023156,0.03340687571546516,,1.2751234980535308e-05,41.43870785999934,5.9900007247924805
300,0.01657508356557469,0.033535059692489134,0.033801280315557534,1.2018173617718386e-05,41.959327714999745,7.941886901855469
301,0.016507926931508213,0.0333896575646626,,1.1306293517786604e-05,41.93948837099924,5.932783603668213
302,0.01644263394362867,0.03345293441938387,,1.0615658040702265e-05,41.95857492599862,6.768492698669434
303,0.016324139302042302,0.033316330631842486,,9.946328655577643e-06,41.46664572100053,6.274038314819336
304,0.016227362210899876,0.03328856786561979,,9.298364935203909e-06,41.99344303699945,6.473867893218994
305,0.01619707146702395,0.0333868862305944,,8.671824550749155e-06,41.96882784099944,6.040078163146973
306,0.016111034982178123,0.03327260900389504,,8.066763266625275e-06,41.955471610999666,6.972855567932129
307,0.01614993054870223,0.033301639778388514,,7.483234935524795e-06,41.451576752999244,6.51500940322876
308,0.016019956802237858,0.033309419543759246,,6.92129149362774e-06,42.01840796599936,5.976513862609863
309,0.01596684107689219,0.03319258857015017,,6.380982955979187e-06,41.976361057999384,5.92841100692749
310,0.015939185751562727,0.03321434560458402,0.033660438142880035,5.862357412037662e-06,41.4046734270014,5.379652500152588
311,0.015894243995982604,0.03318388184180131,,5.365461021395091e-06,41.492721529000846,6.0935516357421875
312,0.015772268563980906,0.03320119404108138,,4.890338009668311e-06,41.9578524690005,6.849020481109619
313,0.015786100315705886,0.03325072925638508,,4.437030664562992e-06,41.925273763001314,5.818029880523682
314,0.015774719968559704,0.03319812669745974,,4.005579332109622e-06,41.471418664999874,8.109652519226074
315,0.015695329738562774,0.033129287078171164,,3.596022413072882e-06,42.00699168400024,6.215591907501221
316,0.015800887179845183,0.033152836893458625,,3.2083963595335686e-06,41.93975001899889,5.411062240600586
317,0.015634678870854245,0.03313894184255922,,2.8427356716443335e-06,41.994564099000854,7.754677772521973
318,0.01561883574212238,0.03314559416392365,,2.4990728945590545e-06,41.44738249200054,5.32228946685791
319,0.015592214521807181,0.03311752712203039,,2.1774386155361516e-06,41.93472529999963,5.567232608795166
320,0.015524971310492613,0.03309824791913097,0.0336612541446068,1.8778614612162387e-06,41.97544227599974,6.971287727355957
321,0.015527878942472177,0.03307560851445069,,1.6003680950742714e-06,41.918447000000015,6.517341613769531
322,0.015482836213470534,0.03310341329590694,,1.3449832150462792e-06,41.42213142100081,6.136721134185791
323,0.015460522953535281,0.03308925231969034,,1.1117295513313464e-06,41.99749534399962,6.316128730773926
324,0.015452611866101423,0.03320100282293719,,9.006278643683688e-07,41.99177745099951,6.830112934112549
325,0.015464543650952844,0.03307644550663394,,7.116969429883928e-07,41.45816539599946,6.533631801605225
326,0.015397568072430118,0.03308042558665211,,5.449536027423147e-07,41.98477362500125,5.1269941329956055
327,0.015495314451395722,0.03307921607550737,,4.0041268440421626e-07,41.98179169700052,5.677953720092773
328,0.01540890076750042,0.033152831194771304,,2.7808705265056056e-07,42.00958998200076,6.539094924926758
329,0.015356686094958128,0.03311337463154986,,1.779875949149966e-07,41.52675956600069,6.718884468078613
330,0.015381228421848704,0.03307591100802293,0.03366818153945199,1.0012322041960668e-07,42.0575733099995,5.752039432525635
331,0.015382546164638822,0.03307552151381969,,4.450085938170753e-08,42.004267755999535,5.284670352935791
332,0.015367706098920896,0.03309369123465306,,1.112546239726008e-08,42.01691591400049,6.643620014190674
333,0.015435100063831758,0.03312122945648593,,0.0,41.48369718600043,5.190741539001465
334,0.015372648017370141,0.03311092863614495,,1.1125462397260089e-08,42.048506688001,6.561923980712891
335,0.015329898000764527,0.03308581869948555,,4.4500859381707557e-08,41.91056748600022,6.55501127243042
336,0.015365856733609299,0.0330833088807963,,1.00123220419579e-07,41.47738889399989,6.510545253753662
337,0.015363517698193694,0.033076145892610424,,1.7798759491499673e-07,42.0486815029999,5.572524547576904
338,0.015359124603132483,0.033080805042708245,,2.7808705265053303e-07,42.01588452299984,5.34223747253418
339,0.015396141475727942,0.033097367401461346,,4.0041268440421663e-07,42.006521932000396,6.101475238800049
340,0.015400748236029767,0.033099009126827526,0.033733299505101504,5.449536027423152e-07,41.52420273200005,5.926687717437744
341,0.015405481417561505,0.0331114568118308,,7.116969429883935e-07,41.95589152100001,5.409567832946777
342,0.015337846708446455,0.033088188245892526,,9.006278643683695e-07,42.005261327998596,5.808618545532227
343,0.015434936533598032,0.03308342704297723,,1.1117295513313472e-06,41.9503633660006,7.19765043258667
344,0.01544296237659746,0.03310451112888955,,1.3449832150462802e-06,41.42741872900115,5.3319807052612305
345,0.015443611801593008,0.033125592093612696,,1.6003680950742725e-06,41.92014718700011,5.7290425300598145
346,0.015513575484800991,0.033112078925242296,,1.87786146121624e-06,41.95728293299908,4.9504594802856445
347,0.015457760588214116,0.033086637326994454,,2.1774386155361533e-06,41.92797026399967,6.049445629119873
348,0.015502216071855713,0.03315227164610012,,2.4990728945590287e-06,41.47068584599947,6.665563106536865
349,0.01554070627888854,0.03310303709192856,,2.842735671644336e-06,41.93259526200018,6.225912094116211
350,0.015510150004399944,0.03316937138301295,0.033623048804537224,3.2083963595335436e-06,41.95608288200128,5.23419189453125
351,0.015577622178956266,0.03313069092864926,,3.596022413072885e-06,41.44032448199869,6.129939556121826
352,0.015525433258108809,0.033090715090165264,,4.005579332109598e-06,41.990361363001284,5.453573703765869
353,0.015594351829356744,0.03314732256773356,,4.437030664562967e-06,41.98759471199992,5.963651180267334
354,0.015639675016051978,0.03311236344680593,,4.890338009668342e-06,41.97042996200071,6.423669338226318
355,0.015681248185029986,0.03311370057431427,,5.365461021395066e-06,41.42369401900032,6.051088809967041
356,0.015673070035932046,0.033205103562087626,,5.862357412037692e-06,42.018717677001405,6.506479740142822
357,0.015702963179252655,0.03322814403957612,,6.380982955979162e-06,41.94168530999923,6.699630260467529
358,0.015779084505445382,0.03319640928829039,,6.921291493627771e-06,41.978728159998354,7.594949245452881
359,0.015785867199945243,0.03318063281476498,,7.483234935524799e-06,41.43095622999863,6.52985954284668
360,0.015796471304919808,0.033258157877905946,0.03363593467885125,8.066763266625278e-06,41.984051497998735,7.038747310638428
361,0.015870287576457934,0.03327759096549975,,8.67182455074913e-06,41.877498771998944,7.8877644538879395
362,0.01586798552223508,0.03326206982538507,,9.298364935203912e-06,41.96580450800138,6.979892253875732
363,0.01591403295434368,0.03320362925328113,,9.946328655577619e-06,41.42527824700119,6.912442684173584
364,0.015967423680833686,0.03326022946149916,,1.061565804070227e-05,41.98254537200046,6.29017448425293
365,0.016036957022403285,0.03328948326006129,,1.130629351778661e-05,41.99348610299967,7.504859924316406
366,0.016091584963563135,0.03345289253503889,,1.2018173617718337e-05,41.421631585000796,7.8510332107543945
367,0.01616985606201236,0.03329806718471888,,1.2751234980535288e-05,41.93429082199873,8.601277351379395
368,0.016105735047064335,0.033391251968773634,,1.3505412361064362e-05,42.01615753199985,7.307303428649902
369,0.01618854686503447,0.033425097912549974,,1.428063863472897e-05,42.00782316799996,7.250547885894775
370,0.016340101133288383,0.03336235814400621,0.03363583480300259,1.5076844803522858e-05,41.43544676300007,6.874727249145508
371,0.016342808345901187,0.03345034751739051,,1.5893960002151922e-05,41.99239632499848,8.602235794067383
372,0.016383049623493726,0.033559801147596255,,1.6731911504340606e-05,41.97575721599969,7.1380438804626465
373,0.016454278579922016,0.03356607953036154,,1.7590624729305718e-05,42.005697488000806,6.093356132507324
374,0.016474436023835658,0.03356237217179827,,1.847002324839352e-05,41.44814877400131,6.935758590698242
375,0.01651155619994664,0.033452460965192,,1.937002879188281e-05,41.92824163399928,7.198083877563477
376,0.01652311947958226,0.03335287645459175,,2.0290561255950987e-05,41.96175250399756,6.469941139221191
377,0.016702676994543728,0.03360125051962363,,2.123153870980345e-05,41.45115292899936,6.954249858856201
378,0.016722563908018902,0.03363214671813153,,2.2192877402966065e-05,42.00046852699961,6.365423202514648
379,0.016789416600226096,0.033613706722452834,,2.3174491772738852e-05,41.96001345300101,6.6458210945129395
380,0.016755657435006923,0.03381135985255242,0.03362991702980804,2.41762944518119e-05,41.97109561600155,7.5010271072387695
381,0.01686156180020486,0.033536825812346224,,2.519819627604074e-05,41.46529368700067,7.988117694854736
382,0.016876217817991344,0.03359576839248876,,2.6240106292382983e-05,41.98687179600165,7.7466278076171875
383,0.01705837406436135,0.03377944473680612,,2.730193176699282e-05,41.971179266001855,9.062108993530273
384,0.017160740015123774,0.033669746063045555,,2.838357819347533e-05,41.96870433199729,7.632400035858154
385,0.01718279223213412,0.03369191268811355,,2.9484949301297185e-05,41.470125809999445,8.95609188079834
386,0.01724039808616414,0.033622381332758314,,3.0605947064355564e-05,41.93104998000126,7.185012340545654
387,0.017353308811647934,0.03376565331945548,,3.174647170970296e-05,41.923969597002724,7.59831428527832
388,0.017392653915602106,0.03381746123368676,,3.29064217264268e-05,41.42169420500068,8.422468185424805
389,0.017401641603888168,0.03394928484953739,,3.408569387468485e-05,41.94213333699736,7.663593292236328
390,0.017512781598253063,0.03394817806578971,0.033638008006841594,3.5284183194893455e-05,41.94501055699948,8.15657901763916
391,0.017672879713446246,0.033933834540280136,,3.650178301706979e-05,41.92870937400221,8.764420509338379
392,0.01769064638527707,0.03405651395788064,,3.773838497032549e-05,41.460349511999084,7.828575611114502
393,0.01779486842439179,0.03437773656804819,,3.899387899251238e-05,42.00306102000104,8.00257396697998
394,0.017865281070326946,0.03413695771549199,,4.0268153340018087e-05,41.97576573399783,8.056172370910645
395,0.01796317856576501,0.03392010880885898,,4.156109459771205e-05,41.96088000199961,8.688199043273926
396,0.018153553846472742,0.03398388316099708,,4.2872587689039494e-05,41.44613295199815,8.252592086791992
397,0.01823144903917745,0.0339990377526831,,4.42025158862636e-05,41.98230260999844,7.926459789276123
398,0.01832725348097635,0.03440963872582526,,4.5550760820855585e-05,41.939293579998775,7.211981773376465
399,0.01846703827191652,0.034217971170673496,,4.691720249402848e-05,41.42598529099996,8.207303047180176
400,0.01842838418607434,0.034540923916407534,0.033666833460222194,4.830171928741892e-05,41.91697986700092,8.912493705749512
401,0.018603614448335543,0.034067061956267096,,4.970418797391058e-05,41.99358452099841,7.790493488311768
402,0.018805993551963978,0.03528504873047004,,5.112448372860248e-05,41.98064196999985,7.190182685852051
403,0.018854689604697494,0.03452171722578036,,5.2562480139918434e-05,41.43267672000002,8.780107498168945
404,0.01905613576264019,0.03414540654300032,,5.401804922085853e-05,42.000114515998575,9.289508819580078
405,0.01915774949881715,0.03450590724477897,,5.5491061420390036e-05,41.990898954998556,8.771294593811035
406,0.01924122427545502,0.03436100858490209,,5.698138563497839e-05,41.97518544600098,8.551236152648926
407,0.019271375341501782,0.034847596015881846,,5.8488889220255466e-05,41.44882385100209,7.430777072906494
408,0.019392104388613274,0.03524514654198208,,6.001343800282555e-05,41.983175809000386,7.951507568359375
409,0.019454296598757928,0.034648857950358776,,6.155489629220764e-05,41.95185327500076,8.255263328552246
410,0.01985929036269862,0.034717323328997636,0.0335958568637606,6.31131268929115e-05,42.003106464002485,7.815295696258545
411,0.019804195264951394,0.036318073149871184,,6.468799111664996e-05,41.46338049800033,8.788562774658203
412,0.020012732888366348,0.03503514362146726,,6.62793487946809e-05,41.95389613399675,7.667457580566406
413,0.0202173922548782,0.035105217630798755,,6.788705829028474e-05,41.97532681099983,8.013004302978516
414,0.020127078510227395,0.03491510869683446,,6.951097651136873e-05,41.45517173799817,7.4874749183654785
415,0.02054129446536703,0.0355259673720276,,7.115095892320445e-05,41.43708491199868,8.569140434265137
416,0.020583608547929896,0.035805637540446744,,7.280685956129041e-05,41.98032189700098,8.247713088989258
417,0.020728415487809626,0.03444593337339324,,7.44785310443443e-05,41.9108629149996,8.574085235595703
418,0.020976311418150987,0.03563572583166329,,7.616582458742047e-05,41.42696382799841,9.316463470458984
419,0.020949817194662372,0.03533826168324496,,7.786859001515187e-05,41.973957283000345,9.473332405090332
420,0.021061052439552006,0.03484870836742827,0.033597326939449695,7.958667577511671e-05,41.970722856000066,9.544536590576172
421,0.021347874450191654,0.035688466498175184,,8.131992895132675e-05,41.94742420499824,9.115696907043457
422,0.02139742820990234,0.03624909343953068,,8.306819527783779e-05,41.504749903997435,9.323158264160156
423,0.021674010226942757,0.0354319399977858,,8.483131915247948e-05,41.97987498499788,9.3470458984375
424,0.02165287199846671,0.036140846078460284,,8.660914365070506e-05,41.983269010001095,10.192034721374512
425,0.021966219742044147,0.03621247236591739,,8.84015105395575e-05,41.96488061399941,7.742611408233643
426,0.022236915857615145,0.03559428055745524,,9.020826029175369e-05,41.45731525899828,8.831949234008789
427,0.022224320406219324,0.03710590394566188,,9.202923209988184e-05,41.946542218000104,8.153515815734863
428,0.022412705344224845,0.035427918083764415,,9.386426389071509e-05,41.943589095997595,7.832605361938477
429,0.0225961427964027,0.03622041521845637,,9.571319233963612e-05,41.516209101999266,8.566102027893066
430,0.022651447568646493,0.03668429135672144,0.03363222634270244,9.757585288517313e-05,41.94484655300039,10.704089164733887
431,0.023057305883265846,0.0363946102458883,,9.94520797436476e-05,41.94142989000102,9.460124969482422
432,0.023065371567565742,0.037084286438452234,,0.00010134170592392811,41.93869781399917,9.047345161437988
433,0.023662328586919006,0.03725787827090637,,0.00010324456324229523,41.476246787999116,10.413307189941406
434,0.0235506278264288,0.0370792390728319,,0.00010516048233740808,41.984678704000544,7.6043477058410645
435,0.02366941889315386,0.03848639324911543,,0.00010708929268538026,41.94103537299816,9.077136039733887
436,0.023962956781708233,0.037984779708691546,,0.00010903082261495543,41.97786155100039,8.142858505249023
437,0.024085285259149755,0.03676248718355153,,0.00011098489932278794,41.452403163999406,8.000092506408691
438,0.02420669127498787,0.038831001741660605,,0.0001129513488888225,42.01006755100025,8.915814399719238
439,0.024467480892669445,0.038387715645335815,,0.00011492999629177316,41.98597349099873,9.505306243896484
440,0.02481054554151768,0.03794971820269082,0.033655133057576024,0.00011692066542470186,41.465367374999914,8.56877326965332
441,0.024875582862581035,0.037587049402095174,,0.00011892317911069187,41.476850641000055,9.173310279846191
442,0.024857788191189462,0.036899553078251913,,0.00012093735911861773,41.96157398599826,8.159056663513184
443,0.025050606312240955,0.039235871506703865,,0.00012296302617900755,41.96892138199837,11.007484436035156
444,0.025531411415856197,0.041086227013855364,,0.0001249999999999998,41.4423947519972,9.135259628295898
445,0.025721569752924844,0.042986715645403475,,0.00012704809928338934,41.96846543700303,9.070256233215332
446,0.026252294322136153,0.03871491889695863,,0.0001291071417407638,41.926911342001404,9.355733871459961
447,0.026016095696077924,0.03969077029945077,,0.00013117694410972735,41.96930902299937,8.597326278686523
448,0.02646852509009575,0.038202069488328855,,0.000133257322170213,41.49994594999953,8.529072761535645
449,0.026443673594499045,0.03784306806487006,,0.00013534809076087723,41.943644688999484,10.034744262695312
450,0.026636367813896767,0.04006783708527281,0.03361962405271339,0.00013744906379558152,41.94049901299877,9.057178497314453
451,0.027177890505277035,0.0404905474568541,,0.0001395600542799542,41.949522781997075,9.19088363647461
452,0.02752054857551308,0.038745433686150084,,0.0001416808743280328,41.44737096800236,8.495953559875488
453,0.027322786463328034,0.03949389018722483,,0.00014381133517898793,41.928538562999165,9.594889640808105
454,0.027611460744076177,0.03808688710670213,,0.00014595124721392287,41.936618258001545,10.38666820526123
455,0.027906781757847474,0.04017877960325898,,0.0001481004199727509,41.46847904400056,8.368819236755371
456,0.02787697722602657,0.04054059849397556,,0.00015025866217114578,41.947321373001614,9.359992027282715
457,0.028903238661229725,0.03837576661560987,,0.00015242578171756845,41.89882441300142,11.6934814453125
458,0.0287067905558191,0.04057701391142768,,0.00015460158573036263,41.960247422000975,9.056391716003418
459,0.028815363315711665,0.04189133476969358,,0.00015678588055492273,41.44743391099837,11.127301216125488
460,0.028985094273688124,0.04000394200352398,0.03360037500188298,0.00015897847178092907,41.971343262997834,9.00730037689209
461,0.029437274092919196,0.0397980128188391,,0.00016117916425965154,41.9309230780018,8.918416023254395
462,0.029593586986044317,0.04419618391910115,,0.000163387762121319,42.011278820998996,9.907008171081543
463,0.029619967026882688,0.04170085419271443,,0.00016560406879255173,41.452471765001974,9.69162654876709
464,0.02951541657768719,0.040708673262112846,,0.00016782788701385771,41.95185197699902,10.381296157836914
465,0.03017594499938948,0.04247315155493247,,0.00017005901885718854,41.94480537799973,10.592300415039062
466,0.03038494973738397,0.03979380409661177,,0.00017229726574355704,41.47541701400041,11.073308944702148
467,0.03038552414175416,0.04112127956909102,,0.00017454242846071057,41.947969142001966,8.705291748046875
468,0.030569282784028384,0.04942829262565922,,0.00017679430718086235,41.9517391019981,9.506209373474121
469,0.030987937952572348,0.04031068359476489,,0.00017905270147847567,41.94128943299802,9.599977493286133
470,0.03101102442028369,0.039986181792777936,0.03363474355126819,0.00018131741034810411,41.41725460299858,9.811869621276855
471,0.03100976748874629,0.041660867832802435,,0.00018358823222228087,41.95224392499949,9.357616424560547
472,0.03143119038710095,0.0441497326904052,,0.00018586496498945864,41.95861404500101,10.053497314453125
473,0.03173331765282806,0.04330836874810425,,0.00018814740601199944,41.953696380998736,9.605369567871094
474,0.03230300208020977,0.04099176293490706,,0.00019043535214420854,41.46390888699898,12.193958282470703
475,0.032372384135488014,0.04366054700033085,,0.00019272859975041744,41.97747612400053,9.15493106842041
476,0.032901685708157734,0.043872027582413445,,0.00019502694472310546,41.96617720600261,10.640276908874512
477,0.03272326363003929,0.04777884882044148,,0.00019733018250106847,41.44192879299953,9.815107345581055
478,0.03249990715575538,0.04420823342091328,,0.00019963810808762368,41.970084681001026,11.311517715454102
479,0.03271710067708582,0.040078336654885395,,0.00020195051606885668,41.96284533400103,9.13871955871582
480,0.03290407736419258,0.048422297835350035,0.03397472996781342,0.00020426720063190315,41.925653090002015,9.449620246887207
481,0.033833891210537724,0.04354539018225025,,0.00020658795558326743,41.405582323997805,9.29371166229248
482,0.033736797029978366,0.04762466833800883,,0.00020891257436717338,41.951033481000195,9.240592002868652
483,0.03436043220366603,0.04405111980599326,,0.0002112408500839504,41.966289033000066,10.073951721191406
484,0.03438370853784045,0.04870416457588608,,0.00021357257550844714,41.98051635600132,9.306304931640625
485,0.034570633886013745,0.04554007582970568,,0.00021590754310847496,41.40240077799899,9.158935546875
486,0.03481546109238364,0.04862122147067173,,0.00021824554506328018,41.94781155400051,9.390172004699707
487,0.035783838605840695,0.04695543799851392,,0.00022058637328204012,41.99119544199857,12.237577438354492
488,0.035565957813139384,0.047745407171346045,,0.00022292981942238446,41.44105202999708,9.288741111755371
489,0.03550773207992029,0.048713732772582286,,0.00022527567490893743,41.93555874700178,8.717082023620605
490,0.0357531871496487,0.0479378631791553,0.03362801121751757,0.00022762373095188337,41.97455716400145,8.932058334350586
491,0.03596022562615416,0.04365507954278508,,0.0002299737785655482,41.95775107100053,10.61943531036377
492,0.03621731980054884,0.04563135289259859,,0.00023232560858700126,41.40078068499861,9.031027793884277
493,0.03631729605802533,0.04399247725267668,,0.00023467901169467098,41.905436787001236,10.953125
494,0.03690192682557737,0.046080212798473,,0.00023703377842697473,41.91455197799951,11.119709014892578
495,0.036850062588626616,0.043548640890701394,,0.00023938969920096287,41.98851900599766,9.591757774353027
496,0.03706697607323556,0.04659996580433201,,0.00024174656433097145,41.44498016699799,9.192749977111816
497,0.03718969424482213,0.04820484690166808,,0.00024410416404728577,41.93368361100147,8.394885063171387
498,0.037121682729922424,0.04571939904142071,,0.0002464622885148094,41.957156150998344,9.981586456298828
499,0.03775716608393787,0.0483533566867983,,0.00024882072785174184,41.94447532200138,9.729910850524902
500,0.03788111281658088,0.04637706678461384,0.033636761870044864,0.0002511792721482578,41.3722211159984,10.152446746826172
501,0.03799824904285786,0.04538947019625354,,0.00025353771148519045,41.93014644199866,10.669859886169434
502,0.038726363061156815,0.04805929856123151,,0.0002558958359527143,41.92320979899887,10.004003524780273
503,0.03912317761060945,0.04292936816408827,,0.0002582534356690283,41.43217663500036,8.921733856201172
504,0.03910133749561209,0.04656121970431225,,0.000260610300799037,41.97091311999975,9.284655570983887
505,0.03935474703256434,0.046289548660452304,,0.00026296622157302507,41.944937806998496,11.395244598388672
506,0.04024269680480067,0.04741424654383917,,0.000265320988305329,41.93103484399762,10.319007873535156
507,0.03963720720196983,0.04846325299224338,,0.0002676743914129985,41.43937646199993,10.745376586914062
508,0.03996292590708856,0.044822692971777274,,0.00027002622143445154,41.99066131899963,10.276542663574219
509,0.04037922326182221,0.04662417942607725,,0.00027237626904811637,41.97311228200124,10.229937553405762
510,0.03948300874715174,0.04814355856663472,0.03361472630207121,0.00027472432509106237,41.94312584100044,10.407513618469238
511,0.04002391621148689,0.04838082729964643,,0.0002770701805776153,41.444742310002766,10.79326057434082
512,0.04046351953468602,0.05214767339261803,,0.0002794136267179594,41.96541212699958,11.689666748046875
513,0.039823117735661606,0.04888869284375294,,0.0002817544549367196,41.940456290998554,9.990160942077637
514,0.04035748935156214,0.0488396975035603,,0.00028409245689152483,41.94454059100099,10.537168502807617
515,0.04127759435133662,0.05867503663978061,,0.0002864274244915528,41.40073956700144,10.146988868713379
516,0.04198305176538835,0.04620024906219663,,0.0002887591499160491,41.95904017800058,10.459162712097168
517,0.042046826474025356,0.045709300363385996,,0.0002910874256328264,41.937195160000556,9.784834861755371
518,0.041650339256750414,0.04842833741693883,,0.00029341204441673234,41.45735139300086,10.695023536682129
519,0.04106104246299578,0.050987664610147476,,0.00029573279936809656,41.940090144998976,9.494889259338379
520,0.04147470903523881,0.048307862112651,0.033679938188543285,0.00029804948393114303,41.923392125001556,9.848604202270508
521,0.04302493133001215,0.04917293813180279,,0.00030036189191237606,41.9099496609997,9.04735279083252
522,0.041545228020872585,0.049235690787837315,,0.00030266981749893127,41.38754056000107,10.44963264465332
523,0.04278072788632133,0.05648081528173911,,0.00030497305527689433,41.96672021099948,9.600797653198242
524,0.0430143341607988,0.05029065911028836,,0.0003072714002495823,41.96756791699954,10.753178596496582
525,0.04191414406612487,0.04732710219718315,,0.000309564647855791,41.95742233599958,9.139667510986328
526,0.04244622122138853,0.05223090404997001,,0.00031185259398800055,41.453438052998536,9.556319236755371
527,0.043190616662050964,0.05075193530804402,,0.00031413503501054107,41.97272125000018,10.572807312011719
528,0.04379496865167556,0.06072307160577259,,0.00031641176777771906,41.97192075000203,10.026805877685547
529,0.04358781063696816,0.04800400057354489,,0.0003186825896518954,41.45993885200005,10.1576509475708
530,0.04381219530031228,0.050253282829716396,0.0336273407332436,0.000320947298521524,41.96681573899696,10.37705135345459
531,0.04336078198994876,0.05264595533544953,,0.0003232056928191373,41.957221745000425,9.308670043945312
532,0.04400284961581001,0.05442047368835758,,0.00032545757153928907,41.94050649900237,10.533666610717773
533,0.0446847244264154,0.052171395839871584,,0.00032770273425644246,41.366489871998056,9.37404727935791
534,0.04400431514751602,0.05570786794697916,,0.00032994098114281107,41.9462421979988,10.064342498779297
535,0.0436772363861011,0.05149138545667803,,0.00033217211298614213,41.942697030001,10.83297348022461
536,0.04418915477286373,0.05511147408066569,,0.00033439593120744793,42.01802487099849,9.888062477111816
537,0.04472554938942766,0.05017067989384806,,0.0003366122378786807,41.43500367199886,9.83842658996582
538,0.045280466292360926,0.05330934901092504,,0.0003388208357403481,41.961171587001445,9.05636978149414
539,0.04600562212985159,0.04835629437018085,,0.0003410215282190708,41.954151612000715,9.690084457397461
540,0.04631725790232935,0.05342055712197278,0.03393864846468842,0.00034321411944507693,41.3619637160009,10.785932540893555
541,0.045442523173773355,0.05785934463948817,,0.0003453984142696369,41.43658830300046,9.952000617980957
542,0.04524667858147918,0.05053222902320527,,0.00034757421828243105,41.918138480999914,9.722172737121582
543,0.046068528967403634,0.05332147855613683,,0.00034974133782885396,41.93749150499934,9.740409851074219
544,0.04688617385988215,0.051881127099733096,,0.00035189958002724913,41.40465648200188,10.474671363830566
545,0.04678309341131096,0.05249871887468003,,0.0003540487527860769,41.99232725600086,12.486539840698242
546,0.04687854870188545,0.050176019261817674,,0.0003561886648210119,41.924751506001485,9.943337440490723
547,0.04631132339332932,0.05587884683061291,,0.00035831912567196704,41.971852209000645,9.983428955078125
548,0.04734344278496195,0.05476778099263037,,0.00036043994572004584,41.3924577329999,10.590680122375488
549,0.04698901459031279,0.05331191124545561,,0.0003625509362044183,41.93780678099938,9.576420783996582
550,0.04731904457532399,0.06990860976480148,0.033576780277555875,0.00036465190923912265,41.93715843200334,10.241497993469238
551,0.04736738808939301,0.06064710174057935,,0.00036674267782978685,41.937446702999296,10.153090476989746
552,0.04740826689393301,0.05147293890650208,,0.00036882305589027245,41.38855157999933,9.133267402648926
553,0.04746376989577359,0.05110019244052268,,0.000370892858259236,41.960580742001184,8.895861625671387
554,0.04804862196594763,0.05009903758764267,,0.0003729519007166103,41.96942632699938,9.056767463684082
555,0.04820909407597586,0.053213318860208664,,0.00037499999999999995,41.4641983420006,10.984029769897461
556,0.04866315845593152,0.05481820928083884,,0.0003770369738209922,41.99077242899875,11.338603973388672
557,0.04753750888362613,0.05554360650681161,,0.00037906264088138225,41.90030032499999,9.639864921569824
558,0.04830642787099686,0.049842042777989364,,0.00038107682088930775,41.94751894900037,9.851935386657715
559,0.048142148074542035,0.06336949745545516,,0.00038307933457529795,41.43883523799741,9.483014106750488
560,0.04919139344974523,0.05365743302815669,0.033751071369560966,0.00038507000370822665,41.94294482799887,11.052539825439453
561,0.048943542787758726,0.05545800016135783,,0.00038704865111117753,41.922418029000255,10.279114723205566
562,0.047789098172950885,0.05259087180366387,,0.00038901510067721194,42.00691302799896,8.781439781188965
563,0.04942574378481982,0.057159416256724174,,0.00039096917738504444,41.442402429998765,10.707452774047852
564,0.048828292221560245,0.053023472287364905,,0.0003929107073146196,41.96634166599688,9.526585578918457
565,0.04906641649021526,0.05766097691816253,,0.00039483951766259174,41.9263967529987,9.321084976196289
566,0.04973347590531932,0.06446905772428255,,0.00039675543675770465,41.41479640800026,11.665847778320312
567,0.049595133975262606,0.057511855098041326,,0.0003986582940760715,41.95359484900109,9.321250915527344
568,0.04896453429092144,0.055830489320529475,,0.00040054792025635236,41.94643630000064,10.334321975708008
569,0.05011382668624112,0.055622568907769954,,0.0004024241471148266,42.00035972100159,11.23093318939209
570,0.05025403878710549,0.06380683548144392,0.033683086317168535,0.00040428680766036373,41.41702508099843,10.525298118591309
571,0.05031696675191571,0.054202676302677874,,0.00040613573610928444,41.96854463999989,10.327838897705078
572,0.05098564454109449,0.057944536813207576,,0.0004079707679001179,41.95439666400125,11.809310913085938
573,0.04998251536571476,0.05935521405693647,,0.00040979173970824605,41.96050744800232,10.278554916381836
574,0.050558078646187936,0.05614917966965083,,0.00041159848946044223,41.43987260799986,9.615275382995605
575,0.050899805844316325,0.07143901493903752,,0.0004133908563492947,41.96616181599893,10.986848831176758
576,0.05075718772073854,0.06691988903928447,,0.00041516868084752023,41.98794128199734,9.564986228942871
577,0.04970446389862077,0.05333846138941275,,0.00041693180472216217,41.451254880001215,9.785561561584473
578,0.05026345489450128,0.05389942583200094,,0.0004186800710486731,41.97749463400032,8.976771354675293
579,0.051038402391887214,0.05205119153535044,,0.0004204133242248832,41.976152940002066,10.120824813842773
580,0.04979107627777415,0.06899196745173351,0.03372589326089751,0.000422131409984848,41.9814252110009,10.291219711303711
581,0.050262610898165465,0.052259440881174964,,0.0004238341754125796,41.45642550100092,9.173462867736816
582,0.049914991790553885,0.05339044237861762,,0.00042552146895565566,41.98474620300112,11.594632148742676
583,0.05176799148035141,0.05292994718293886,,0.00042719314043870957,41.97852963299738,10.463360786437988
584,0.051352831333046224,0.057547602581011284,,0.0004288490410767955,41.94786742600263,9.518457412719727
585,0.050857582982207675,0.062172263900975924,,0.00043048902348863117,41.46228436200181,10.340712547302246
586,0.050912889503586085,0.07178615120214385,,0.00043211294170971527,41.96996867800044,10.137901306152344
587,0.05181697199403553,0.06183117487140604,,0.0004337206512053191,41.921124927001074,10.979512214660645
588,0.05270606324777379,0.05842580249583399,,0.00043531200888335015,41.471817576999456,11.86323070526123
589,0.051938795080612235,0.059096048087687106,,0.00043688687310708836,41.9849287879988,10.690330505371094
590,0.050973327312039324,0.05341905824638702,0.03368915383615633,0.0004384451037077925,41.97126907300117,10.488531112670898
591,0.05096492047587878,0.06101790735044995,,0.00043998656199717445,41.964072432998364,11.052358627319336
592,0.05157626581140535,0.06147824912457853,,0.0004415111107797446,41.42659102499965,11.25311279296875
593,0.05180766458145831,0.05287799353937845,,0.0004430186143650215,41.941885838001326,9.646112442016602
594,0.05143924972718142,0.05889596584680918,,0.00044450893857960995,41.96497950200137,9.050376892089844
595,0.05208958321449395,0.06053394379245269,,0.0004459819507791415,42.00537640500261,9.877836227416992
596,0.052423549272591914,0.054403132703658694,,0.0004474375198600815,41.4395348140024,11.486571311950684
597,0.05113800354444935,0.05933305230495092,,0.0004488755162713974,41.95981484100048,10.065116882324219
598,0.051931806073136154,0.05597678185314745,,0.0004502958120260894,41.971120844002144,9.044144630432129
599,0.05204408962258107,0.05606475836924604,,0.0004516982807125812,41.43734473299992,9.944452285766602
600,0.05235342163013405,0.06901002536351616,0.03361478668168513,0.00045308279750597147,41.98212222899747,10.188984870910645
601,0.052163718271850394,0.05645051099158622,,0.00045444923917914453,41.91771605900067,10.227272033691406
602,0.05164532300134881,0.05498406381623165,,0.0004557974841137363,41.945700956999644,9.068608283996582
603,0.0526110226585174,0.055643475881299455,,0.00045712741231096064,41.45920305199979,10.264492988586426
604,0.05259794313210329,0.05613962762259148,,0.000458438905402288,41.95358873100122,11.991074562072754
605,0.05058831583186555,0.055549572327652494,,0.0004597318466599819,41.98930016399754,9.34400463104248
606,0.05188702970685977,0.05145371377065375,,0.00046100612100748764,41.886685647001286,10.850565910339355
607,0.05181275861920528,0.05867326315995809,,0.0004622616150296746,41.42753906299913,9.479320526123047
608,0.05213070513533997,0.0606044921319227,,0.0004634982169829303,41.96360674099924,9.818652153015137
609,0.051039598081368175,0.060293445736169814,,0.0004647158168051066,41.960538748000545,9.08399772644043
610,0.05082277114183111,0.06878524168923095,0.033623569910108606,0.0004659143061253153,41.974322419999226,9.916604042053223
611,0.05243859439730759,0.056416080791402506,,0.0004670935782735733,41.42127915499805,9.420122146606445
612,0.05192480229141616,0.05561400273361722,,0.0004682535282902973,41.95430084700274,9.307944297790527
613,0.05260639808957614,0.06471902359579061,,0.00046939405293564457,41.94885884699761,10.14305305480957
614,0.051755739769213716,0.055427633910565766,,0.0004705150506987031,41.41906709899922,10.684225082397461
615,0.05332584406343966,0.05933898157767347,,0.00047161642180652494,41.952670621001744,11.221006393432617
616,0.052828143627852944,0.07145645298265121,,0.00047269806823300737,41.97004164500322,9.147196769714355
617,0.0535211004853077,0.052765987008004576,,0.0004737598937076172,41.92184654200173,10.468231201171875
618,0.05204860868572388,0.05445907991882917,,0.00047480180372395947,41.422551738996845,10.094400405883789
619,0.052937282453114146,0.05760786422603839,,0.00047582370554818834,41.93870089399934,9.632777214050293
620,0.05249101263175999,0.05849234328882114,0.0336022762323383,0.0004768255082272614,41.949800345002586,11.282630920410156
621,0.051939587357262736,0.058562301461761064,,0.00047780712259703416,41.97654188600063,10.076125144958496
622,0.05247811093611818,0.058242271457974976,,0.0004787684612901967,41.42934167800195,9.837006568908691
623,0.052854065370393805,0.05638729648010151,,0.00047970943874404927,41.93085069399967,10.018072128295898
624,0.0532214781930831,0.05434663571618699,,0.0004806299712081174,42.21148926100068,9.083878517150879
625,0.05262475697799173,0.05554346591234207,,0.00048152997675160675,41.45784397399984,9.611268043518066
626,0.05272020747431066,0.0555806586871276,,0.0004824093752706945,41.912599667000904,10.265329360961914
627,0.051445820813930655,0.05603313852806349,,0.00048326808849565966,41.91805495199878,9.64707088470459
628,0.052456525227702056,0.0663216503890785,,0.0004841060399978484,41.93753935799759,10.215394973754883
629,0.05297219668177176,0.06031032210669002,,0.0004849231551964775,41.44054515699827,9.623594284057617
630,0.05351216932705062,0.07064386872020928,0.03363901500447388,0.00048571936136527144,41.95883412799958,10.2298002243042
631,0.05228442829924559,0.05541017689817661,,0.0004864945876389359,41.964629280002555,10.180643081665039
632,0.052210704175015325,0.09278433008773906,,0.00048724876501946506,41.94094377900183,11.063775062561035
633,0.0536745447136333,0.06059331501255164,,0.00048798182638228196,41.458063439997204,10.279166221618652
634,0.05276715751887512,0.056421702818290606,,0.0004886937064822137,41.98585415499838,11.093132019042969
635,0.0535500103933111,0.06202049176837947,,0.000489384341959298,41.97625168900049,10.025747299194336
636,0.05422566143077246,0.060186400465868616,,0.0004900536713444227,41.47104962799858,11.73471736907959
637,0.05357371535216549,0.06034145057201386,,0.0004907016350647964,41.41296985699955,10.24902629852295
638,0.05352897411873725,0.05800248026042371,,0.0004913281754492511,41.956026177998865,10.016408920288086
639,0.05414760581462603,0.07429347980666805,,0.0004919332367333749,41.93514268099898,10.516607284545898
640,0.05315685983668591,0.05321408304813746,0.0335987620735473,0.0004925167650644754,41.47939058799966,9.911622047424316
641,0.052808954911360124,0.060361976478550884,,0.0004930787085063725,41.97448679599984,9.778605461120605
642,0.05380903379973775,0.06555736803927938,,0.0004936190170440211,41.924357725001755,10.820701599121094
643,0.0530979582778895,0.05713855044261829,,0.0004941376425879626,41.92925409700183,9.834972381591797
644,0.053889230801768585,0.05922189501894487,,0.0004946345389786052,41.44113581499914,9.933256149291992
645,0.05361837464350771,0.058628225125171046,,0.000495109661990332,41.95039757199993,10.085196495056152
646,0.05222231698099116,0.09357287199110598,,0.0004955629693354374,41.99028499399719,9.187854766845703
647,0.053118874510167426,0.07751566300521026,,0.0004959944206678907,41.96903394900073,10.819818496704102
648,0.05380856770228402,0.058781940510144105,,0.0004964039775869276,41.401201977998426,10.199817657470703
649,0.05330086855178488,0.06197183724190738,,0.0004967916036404669,41.915967728000396,9.474566459655762
650,0.05249412789683424,0.056404621113796495,0.03362337456349909,0.0004971572643283562,41.93561359500018,9.00390338897705
651,0.05289454129301083,0.05815875959154722,,0.0004975009271054415,41.92389132000244,9.451624870300293
652,0.05215644471047021,0.0720445043130501,,0.0004978225613844643,41.48118031899867,9.429903984069824
653,0.05169557065000461,0.06077723315841443,,0.0004981221385387843,41.93548704500063,8.642244338989258
654,0.05108671322207533,0.05770464789223027,,0.0004983996319049263,41.89707044299939,9.271280288696289
655,0.05214573164790468,0.05374370259610382,,0.0004986550167849543,41.46438348299853,8.919780731201172
656,0.05313697057613485,0.05421697287946134,,0.0004988882704486692,41.98109323599783,10.594860076904297
657,0.05269287034668987,0.05836825757413297,,0.0004990993721356321,41.9775133860021,10.683048248291016
658,0.05224288917984992,0.060030633533323136,,0.0004992883030570121,41.981616974000644,9.862369537353516
659,0.05202600410683599,0.0694996915354922,,0.0004994550463972581,41.3828921059976,10.878666877746582
660,0.052268652159599104,0.059410476402656454,0.03361313395800382,0.0004995995873155962,41.95431464700232,11.048123359680176
661,0.05299084326484725,0.05588307185350238,,0.0004997219129473499,41.92957144600223,11.986205101013184
662,0.05288230555557472,0.061709673843673755,,0.0004998220124050854,41.927283994999016,10.91726016998291
663,0.052274484780836926,0.056205823634927335,,0.0004998998767795808,41.43360845600182,10.069384574890137
664,0.05181885894295007,0.05088641764344396,,0.0004999554991406189,41.95174443600263,10.711095809936523
665,0.05269357863448975,0.05858871485735919,,0.0004999888745376033,41.96026678300041,10.101034164428711
666,0.05121350896164003,0.05803509940569465,,0.0005000000000000004,41.46882263099906,10.122772216796875
667,0.0511258227353819,0.05536239100871859,,0.0004999888745376032,41.922083458001,9.710524559020996
668,0.05331258391764823,0.05345697694936314,,0.0004999554991406187,41.92469296199852,10.032673835754395
669,0.05230990458358501,0.060744237315815845,,0.0004998998767795807,41.94985187099883,9.88456916809082
670,0.05285544030282525,0.05569260072063755,0.0336101554796426,0.0004998220124050853,41.443235988001106,11.49799633026123
671,0.0533608793354309,0.05613388646696065,,0.0004997219129473498,41.97857142299836,9.566055297851562
672,0.05192054442046014,0.056681081451274255,,0.0004995995873155961,41.93509782699766,10.046656608581543
673,0.051304038481754674,0.06381835295139132,,0.000499455046397258,41.96192414899997,10.022117614746094
674,0.05286157065412591,0.05693314069428959,,0.0004992883030570119,41.434936424000625,9.763368606567383
675,0.0522202996075897,0.05717501843700538,,0.0004990993721356318,41.935601155997574,9.196330070495605
676,0.05169258910211629,0.06263500450027956,,0.0004988882704486688,41.917136071999266,9.486123085021973
677,0.05238534356404861,0.05803811614577835,,0.0004986550167849538,41.462524326001585,9.465442657470703
678,0.05183453975520642,0.05635909903291109,,0.0004983996319049259,41.974179914999695,9.843636512756348
679,0.050138209108084496,0.05492124781012535,,0.0004981221385387839,41.941070826000214,8.903423309326172
680,0.050826533813737404,0.052460936879789505,0.03359373351627023,0.0004978225613844641,41.92591427200023,10.825963020324707
681,0.051303677511135126,0.05932242783742982,,0.0004975009271054411,41.434308528001566,10.231484413146973
682,0.05046666647359414,0.05797544925196751,,0.0004971572643283559,42.00792494399866,9.536847114562988
683,0.05142368841737566,0.055192308591024294,,0.0004967916036404666,41.987832989998424,9.229573249816895
684,0.05049698803423691,0.056433991000459004,,0.0004964039775869273,41.942711192998104,10.036360740661621
685,0.051474911602296204,0.0587044218102017,,0.0004959944206678906,41.469352964999416,9.846908569335938
686,0.050700033469672626,0.071822068518078,,0.0004955629693354372,41.94113703899711,9.707940101623535
687,0.050155956076454525,0.08043699314868127,,0.0004951096619903319,41.93793397599802,10.532785415649414
688,0.050611036575815845,0.05530681896048623,,0.0004946345389786051,41.486800765000226,11.572237014770508
689,0.05147611525538959,0.06769144585406459,,0.0004941376425879625,41.949359910002386,10.028453826904297
690,0.05045898449955769,0.06718308669892517,0.03362770322846235,0.000493619017044021,41.98535825499857,10.433682441711426
691,0.050545954937383446,0.05401901165778573,,0.0004930787085063725,41.91030202099864,10.285391807556152
692,0.05025945309256409,0.05195224873117498,,0.0004925167650644753,41.37782599699858,10.102546691894531
693,0.049634620954859966,0.05530519537829064,,0.0004919332367333749,41.967889420000574,10.925689697265625
694,0.04982814827358311,0.051409384608268736,,0.000491328175449251,41.96931302200028,9.293244361877441
695,0.04969833354732011,0.05041432130981136,,0.0004907016350647963,41.93090389900317,10.14969253540039
696,0.04962617099185022,0.05072855107687615,,0.0004900536713444225,41.44595762899917,10.514704704284668
697,0.04928768859128691,0.05844564238512838,,0.0004893843419592978,41.94458525599839,11.973161697387695
698,0.049690544969918864,0.053366468444063855,,0.0004886937064822136,41.97012821200042,11.074407577514648
699,0.04951446263509268,0.05299335665799476,,0.0004879818263822818,41.48218579099921,9.834493637084961
700,0.04927888080913881,0.05186553410178906,0.033675200924494844,0.0004872487650194649,41.96384871499686,9.715850830078125
701,0.049824609358628744,0.058342032637950535,,0.00048649458763893574,41.97806531399692,10.855223655700684
702,0.04974455488649074,0.05402330842775267,,0.00048571936136527116,41.93433853999886,10.214653015136719
703,0.05014058730910012,0.05364775494546504,,0.00048492315519647726,41.448647994002386,10.629672050476074
704,0.04857909418785526,0.05535473463100356,,0.00048410603999784823,41.89039598900126,9.542343139648438
705,0.04880596577920978,0.050852253992815274,,0.00048326808849565944,41.93857963999835,9.629891395568848
706,0.04934317178151887,0.055674323399324675,,0.00048240937527069434,41.89466669600006,10.025225639343262
707,0.048534580890711346,0.053094215026578385,,0.0004815299767516066,41.41964989199914,10.296460151672363
708,0.049361874540685004,0.05438198125040209,,0.0004806299712081171,41.915868775999115,10.085214614868164
709,0.04908494920167722,0.059218388755579256,,0.000479709438744049,41.993124679000175,9.847580909729004
710,0.04839498434937961,0.05307358785255535,0.033699317787685534,0.00047876846129019655,41.42044017700027,9.588156700134277
711,0.049452743791544275,0.05488797472538175,,0.00047780712259703405,41.46405786299874,9.835707664489746
712,0.04871844923777967,0.0513000455861156,,0.000476825508227261,41.95009047699932,9.356365203857422
713,0.049684287676312416,0.05219592228531837,,0.00047582370554818807,41.890404166002554,11.039674758911133
714,0.04895760265184341,0.056378432705595685,,0.00047480180372395925,41.45094651699765,9.87507152557373
715,0.048474202772706115,0.05239892601966858,,0.0004737598937076169,41.93608486000085,10.604761123657227
716,0.04808099014816838,0.050668138104516106,,0.00047269806823300705,41.946906860001036,9.935684204101562
717,0.04758737880858144,0.04880424641274117,,0.0004716164218065246,41.96765142499862,12.43196964263916
718,0.04802479771200045,0.052490449575959025,,0.0004705150506987029,41.41476943899761,10.585713386535645
719,0.0476502903438604,0.05316261081276713,,0.0004693940529356444,41.91920017300072,9.321915626525879
720,0.04729003987977578,0.049316289114790995,0.03363974914498573,0.00046825352829029705,41.939099151000846,11.00477409362793
721,0.048469025902664595,0.05065007693058736,,0.0004670935782735732,41.935100312999566,10.926234245300293
722,0.04830392669249977,0.05399859976526853,,0.0004659143061253152,41.437907902000006,10.239950180053711
723,0.048111063319181524,0.06059779200602222,,0.00046471581680510645,41.98795753499871,11.199400901794434
724,0.04740756184520511,0.05569926915136544,,0.0004634982169829301,41.95714435700211,9.932910919189453
725,0.04656442911712714,0.057641989616928874,,0.0004622616150296744,41.42410080500122,8.969080924987793
726,0.04791165776050251,0.05636056609250404,,0.00046100612100748737,41.9911190060011,10.262998580932617
727,0.04787611520908158,0.051595500675407614,,0.00045973184665998166,41.97333457200148,11.231537818908691
728,0.047539202303352145,0.049091614198845786,,0.00045843890540228773,41.92410701300105,12.33949089050293
729,0.04659807539746995,0.05108705146892651,,0.00045712741231096043,41.41388733799977,9.28930950164795
730,0.046373433764173064,0.05662033094747646,0.03365012987034164,0.0004557974841137361,41.92961120600012,10.606266975402832
731,0.048477583412874684,0.050538083347114356,,0.00045444923917914426,41.93134201800058,9.354283332824707
732,0.04600581332268962,0.05007055210503372,,0.00045308279750597136,42.00153127199883,10.812341690063477
733,0.045929537739268646,0.05723735090043094,,0.000451698280712581,41.412881221000134,10.050138473510742
734,0.045105908402096974,0.049085757680035924,,0.00045029581202608914,41.906792841000424,8.776626586914062
735,0.0460133855901444,0.04945917046956114,,0.0004488755162713973,41.948868798997864,8.341936111450195
736,0.04515686777246948,0.05241764900652138,,0.00044743751986008143,41.46697207699981,9.610413551330566
737,0.04494041652238129,0.047000778365779566,,0.00044598195077914115,41.96226502799982,11.320645332336426
738,0.04572082925301882,0.05479033792743812,,0.0004445089385796097,41.908492311999,9.784796714782715
739,0.04592170097620268,0.05445386809674469,,0.0004430186143650215,41.928105905997654,10.403485298156738
740,0.045416148828124475,0.06845737590983107,0.03367389689614303,0.0004415111107797446,41.428787223001564,9.48259449005127
741,0.04525368043798918,0.05141675850829563,,0.00043998656199717423,41.94976317799956,8.868532180786133
742,0.044329476369376834,0.05292582169577882,,0.0004384451037077922,41.95453124699998,9.159347534179688
743,0.04494239523248915,0.05315220364042231,,0.0004368868731070883,41.99255571899994,9.222437858581543
744,0.045199662293244916,0.0648202354843552,,0.00043531200888335015,41.511215636001,10.311713218688965
745,0.04348503472194104,0.053460717301916434,,0.00043372065120531885,41.984190070001205,9.67215347290039
746,0.04531534029896623,0.054240901003012786,,0.00043211294170971516,41.947110854998755,11.192364692687988
747,0.04404325279873758,0.051718765054200144,,0.00043048902348863106,41.419473586000095,10.194384574890137
748,0.04461731902196746,0.05739608612414953,,0.00042884904107679537,41.959339246001036,10.09356689453125
749,0.04359138737327192,0.04911128965181273,,0.0004271931404387095,41.95523192100154,10.11483383178711
750,0.04364847747033423,0.050874764734023324,0.033605725783174924,0.0004255214689556556,41.9311610980003,9.602242469787598
751,0.0432307804432374,0.04877300332929637,,0.0004238341754125795,41.45641703000001,10.09160041809082
752,0.04354386234159033,0.049538393640840374,,0.00042213140998484795,41.95139187499808,9.385376930236816
753,0.04429600096795701,0.05126008047042666,,0.00042041332422488323,41.985345724999206,10.252472877502441
754,0.04413195349626429,0.04997951968296154,,0.0004186800710486732,41.918261409999104,10.072957992553711
755,0.04384946500821729,0.05245306131404799,,0.0004169318047221623,41.45244236899816,10.116311073303223
756,0.043661471461651995,0.04535714532877948,,0.0004151686808475204,41.953815896999004,11.12747573852539
757,0.04400258084612536,0.04933577387316807,,0.0004133908563492949,41.902640346001135,11.368847846984863
758,0.043717214646400625,0.04862444255803083,,0.0004115984894604424,41.40056222899875,10.589238166809082
759,0.043563557311449196,0.048557732193856624,,0.00040979173970824616,41.93851582999923,11.62069034576416
760,0.042411247139614285,0.04242861864937318,0.03364578792213523,0.000407970767900118,41.943548902003386,10.201384544372559
761,0.043294944173000366,0.06321679704092645,,0.0004061357361092848,41.95967230300084,10.04103946685791
762,0.04218483708026656,0.05148034333377271,,0.0004042868076603639,41.44321878199844,9.130450248718262
763,0.042343121817453463,0.053893980887290596,,0.00040242414711482653,41.94711402199755,11.543313980102539
764,0.04160602319978478,0.06149011254310608,,0.0004005479202563524,41.93118586099445,9.420469284057617
765,0.04280437383042816,0.0443432134953705,,0.00039865829407607174,41.93930803999683,10.272651672363281
766,0.041691633760071074,0.05171226675848703,,0.0003967554367577048,41.425488810004026,9.293313980102539
767,0.04232471244992427,0.046574825088720066,,0.0003948395176625916,41.930282696994254,9.61809253692627
768,0.04152527560556804,0.04897344752743438,,0.0003929107073146196,41.94791600300232,10.667424201965332
769,0.041492892915450906,0.04602745002185976,,0.0003909691773850446,41.43745035699976,9.09824275970459
770,0.04196526206164637,0.04493589381108413,0.03359929885524903,0.0003890151006772117,42.00196536600561,8.537002563476562
771,0.04153619555938782,0.04869744749488057,,0.00038704865111117737,41.947939625999425,9.757793426513672
772,0.04104007099846274,0.04427253462978312,,0.0003850700037082267,41.90428887499729,10.941336631774902
773,0.04128026630865292,0.047336008460135075,,0.00038307933457529806,41.468228256002476,10.234232902526855
774,0.04115628386398996,0.045967110186009796,,0.0003810768208893078,41.96609299600095,8.47508716583252
775,0.040344157172170346,0.04961151748492911,,0.00037906264088138214,41.928473633000976,9.689911842346191
776,0.04059703688310627,0.05025888167925783,,0.00037703697382099235,41.994936538998445,8.704562187194824
777,0.03990783742602178,0.046389876225510156,,0.0003750000000000001,41.46243866700388,8.726226806640625
778,0.04021291346459036,0.043323771675696246,,0.00037295190071661046,41.97913362399413,9.11931037902832
779,0.0401924491543573,0.049241092176856224,,0.00037089285825923614,41.92748896400008,9.646957397460938
780,0.040868378153174484,0.04418568902120397,0.03372935875978348,0.0003688230558902726,41.93052013300621,9.959007263183594
781,0.03924969768405476,0.04359163289537301,,0.000366742677829787,41.38192605999939,10.016212463378906
782,0.039234431272805195,0.05650922927904774,,0.0003646519092391228,41.94673153700569,9.103229522705078
783,0.039329530678389166,0.0590363411887272,,0.00036255093620441846,41.91102036899974,9.093432426452637
784,0.03857620470154308,0.04370166157951226,,0.000360439945720046,41.42771283399634,9.524599075317383
785,0.03970216563232457,0.04275534557732376,,0.0003583191256719672,41.95279691800533,9.841606140136719
786,0.0386812062880414,0.04296562347460438,,0.00035618866482101206,41.94954050800152,9.432123184204102
787,0.03957733308142069,0.04540234786030409,,0.0003540487527860771,41.968003376001434,9.264334678649902
788,0.03866358243122039,0.047210030418795505,,0.00035189958002724935,41.40335362299811,10.791316986083984
789,0.037995841132473354,0.045073046354023184,,0.00034974133782885423,41.96705193100206,8.674942016601562
790,0.03864740390301952,0.04490331459689785,0.03371000434034062,0.00034757421828243153,41.97406678599509,8.788758277893066
791,0.03745742510796852,0.04784872501685813,,0.0003453984142696374,41.95853623899893,9.459362030029297
792,0.037940966306815566,0.04825111545018248,,0.00034321411944507704,41.49851619399851,10.015081405639648
793,0.037471000639625225,0.0473043628842444,,0.00034102152821907086,41.99013603500498,9.60913372039795
794,0.03706340841062353,0.042648632139772984,,0.00033882083574034866,41.905264066997916,8.82421588897705
795,0.03760457731561732,0.04647276681419965,,0.0003366122378786812,41.435657738999,9.801844596862793
796,0.03672684398756833,0.04355568307879809,,0.00033439593120744804,41.964843403002305,9.937151908874512
797,0.036504197910413747,0.04353878939071217,,0.00033217211298614224,41.957344849004585,9.077347755432129
798,0.03661491700596464,0.04703016540891415,,0.0003299409811428114,41.94596800900035,9.397677421569824
799,0.03608731323971114,0.04793270069199639,,0.0003277027342564431,41.49720504399738,8.79964542388916
800,0.03688364853857232,0.04261004795899262,0.03364654206228952,0.0003254575715392891,41.971721000998514,10.063652038574219
801,0.03645872692228965,0.04144292777857265,,0.0003232056928191376,41.94031217999873,8.787337303161621
802,0.03653783599297282,0.048027357338248075,,0.00032094729852152426,41.92027624599723,9.383991241455078
803,0.035973139135828405,0.04254042061196791,,0.00031868258965189565,41.461899599999015,10.058882713317871
804,0.0359942739482633,0.04387767161871936,,0.00031641176777771906,41.95668967399979,8.923238754272461
805,0.03562109103344109,0.04371149417113614,,0.00031413503501054134,41.919355299003655,9.699724197387695
806,0.03533858644298766,0.0442444766494068,,0.00031185259398800076,41.41171924900118,8.7034330368042
807,0.035372517413089694,0.04235426962778375,,0.0003095646478557913,41.99722559300426,12.072442054748535
808,0.03542084853037934,0.04125002468558582,,0.0003072714002495826,41.98045975199784,10.904417991638184
809,0.03452021923030578,0.041281704413327014,,0.0003049730552768946,41.99051264500304,8.492027282714844
810,0.03551277757985178,0.046634227742214464,0.03361864211241694,0.0003026698174989318,41.40014765600063,9.591708183288574
811,0.03532266840088447,0.04649525020976324,,0.0003003618919123764,41.94638810899778,9.787124633789062
812,0.0344685194888751,0.04138828663004411,,0.0002980494839311434,41.944631097998354,8.424872398376465
813,0.0347338234969985,0.041879011448976156,,0.0002957327993680969,41.910715696001716,9.267520904541016
814,0.03424173061004813,0.04461885356419795,,0.00029341204441673266,41.41654905500036,9.45293140411377
815,0.034645176875170845,0.04736585703653258,,0.00029108742563282666,41.96494580500439,9.666433334350586
816,0.03364156069673755,0.04305248157800855,,0.00028875914991604966,41.940058394000516,8.743785858154297
817,0.03341711184900118,0.04205233261391923,,0.00028642742449155314,41.97224121600448,11.390151023864746
818,0.033433232320590575,0.042752823737022036,,0.0002840924568915249,41.435333487002936,10.093974113464355
819,0.03297948937741557,0.04575917601988122,,0.0002817544549367199,41.995918255001015,8.839173316955566
820,0.03303456820919395,0.04212243973806098,0.03366012339663767,0.0002794136267179599,41.96891070100537,9.518814086914062
821,0.03262627534496807,0.0588734773767961,,0.00027707018057761577,41.45400027199503,8.766580581665039
822,0.032893229352807245,0.041962089792296695,,0.0002747243250910624,41.95334132300195,10.123915672302246
823,0.033417222847994026,0.040357609777837186,,0.0002723762690481167,41.933789177994186,10.459558486938477
824,0.03264862029221545,0.04110162307483119,,0.0002700262214344521,41.97612448299333,8.947602272033691
825,0.032363685133961706,0.039622190222144124,,0.00026767439141299856,41.44154517199786,8.270829200744629
826,0.03258346224243032,0.04117200871979868,,0.00026532098830532906,41.91831590500078,10.67776107788086
827,0.032450192706255446,0.04093288599035225,,0.00026296622157302534,41.93981251600053,8.902894020080566
828,0.031577600319932383,0.03862157969458683,,0.00026061030079903747,41.908346500000334,8.724164962768555
829,0.031834631865118375,0.04179212249614097,,0.00025825343566902837,41.41540587199415,9.301624298095703
830,0.03143480704693327,0.04388167740324059,0.03368239288293097,0.00025589583595271435,41.91562245300156,10.148298263549805
831,0.03148076282152745,0.041820056635785745,,0.00025353771148519066,41.94552411499899,9.51872444152832
832,0.03091114205120564,0.03965826429225303,,0.000251179272148258,41.458452295002644,10.10986328125
833,0.030759072517565024,0.04143857794838983,,0.000248820727851742,41.95169370400254,8.931337356567383
834,0.0307708357080045,0.03880298610877346,,0.00024646228851480956,41.99061948899907,8.728635787963867
835,0.030775814544187857,0.03985772216440858,,0.00024410416404728596,41.938334150996525,8.636003494262695
836,0.03068539474853055,0.03899997874490312,,0.00024174656433097167,41.4156186600012,8.429729461669922
837,0.029977748408241488,0.04100930977713417,,0.00023938969920096303,41.93471783299901,9.49711799621582
838,0.030239399749564005,0.03822866403371901,,0.00023703377842697492,41.95852318299876,8.599738121032715
839,0.029831104077069865,0.03896981200857742,,0.00023467901169467117,41.96563574200263,9.796113014221191
840,0.03009389571652474,0.045019069475096624,0.03362371511485455,0.00023232560858700145,41.47069258600095,9.517778396606445
841,0.02942135346241853,0.039570858158372545,,0.00022997377856554842,41.92863134300569,9.799003601074219
842,0.028972460083920872,0.03917414344645835,,0.0002276237309518836,41.949542850998114,8.208646774291992
843,0.029240941605575367,0.03849374312605407,,0.00022527567490893743,41.49275854699954,9.31131649017334
844,0.028818594761936427,0.03727413290054411,,0.0002229298194223847,41.999715424004535,9.491477012634277
845,0.028930596487092536,0.038290423819342174,,0.00022058637328204058,41.97508378099883,8.898472785949707
846,0.028230288123172097,0.037559205142630114,,0.00021824554506328058,41.90720307599986,9.587471008300781
847,0.02881941019294644,0.03895293176174164,,0.00021590754310847493,41.44842765000067,8.864583969116211
848,0.028542831466817468,0.03772166023987371,,0.00021357257550844733,41.961941233996185,9.502935409545898
849,0.02804932602808137,0.03859332986176014,,0.00021124085008395057,41.90829759299959,8.356593132019043
850,0.028249296786946435,0.03867634421063436,0.033752335752122595,0.00020891257436717379,41.9134973140026,8.437464714050293
851,0.027642648238080936,0.03636361975726243,,0.00020658795558326756,41.44684821500414,9.311628341674805
852,0.027724981320496368,0.03679380073539309,,0.00020426720063190334,41.93762002799485,9.448315620422363
853,0.02718514167022625,0.03910416641549484,,0.00020195051606885708,41.962641211997834,9.430330276489258
854,0.027384044159196617,0.036102355815268855,,0.00019963810808762381,41.98557414899551,9.11860179901123
855,0.02664134330196653,0.036705002037657274,,0.00019733018250106839,41.47638867000205,7.704381942749023
856,0.02671529324957654,0.03811421640015937,,0.00019502694472310584,42.02000035899982,11.597548484802246
857,0.027134135159915904,0.0362495516905108,,0.0001927285997504176,41.98143139300373,9.16506290435791
858,0.02668722838721097,0.03513018301612622,,0.0001904353521442087,41.476634979000664,7.978941440582275
859,0.026351941304349282,0.03792424645979662,,0.00018814740601199963,41.99789522700303,9.24357795715332
860,0.02667375395321171,0.037300444273529826,0.03366479326556199,0.00018586496498945883,41.92983278400061,9.464424133300781
861,0.02627206626643146,0.03881191599207955,,0.0001835882322222813,41.97085331900598,9.655017852783203
862,0.02597128444900039,0.036468097879677204,,0.0001813174103481041,41.482568283994624,9.174101829528809
863,0.02581739453366473,0.04154452025084882,,0.00017905270147847588,41.94825962599862,8.26490306854248
864,0.02550105608091645,0.038802209405882936,,0.00017679430718086278,41.95036503699521,8.656639099121094
865,0.025536390178749292,0.03772486187517643,,0.0001745424284607106,41.94160368800658,8.980400085449219
866,0.02508723103725521,0.03766595488665877,,0.00017229726574355725,41.41197431899491,9.94294548034668
867,0.024889251061727697,0.03677491760133086,,0.00017005901885718856,41.92100963499979,7.7637176513671875
868,0.024721952444818337,0.03796881799762313,,0.00016782788701385798,41.94092857000214,8.750555992126465
869,0.024453924457594436,0.03595809991899374,,0.00016560406879255197,41.433388443001604,9.195147514343262
870,0.024581068640506885,0.0376745186846804,0.03368159614666535,0.00016338776212131902,41.98008190299879,8.796721458435059
871,0.02430246077342077,0.03632757640569597,,0.00016117916425965176,41.96187542899861,9.273775100708008
872,0.024179633583465945,0.03681275078372375,,0.00015897847178092904,41.87240208399453,8.244797706604004
873,0.023860430514758127,0.03580434039436482,,0.0001567858805549227,41.405100014999334,8.314986228942871
874,0.02373542846493323,0.036017133909705526,,0.00015460158573036304,41.968041795997124,8.70283317565918
875,0.02431939231614348,0.03557172889846402,,0.00015242578171756864,41.9802023739976,9.349895477294922
876,0.023675255506029513,0.03657735685843068,,0.00015025866217114578,41.977905274994555,8.092243194580078
877,0.023609175007153954,0.0379709903754898,,0.0001481004199727511,41.365496557998995,9.597036361694336
878,0.023482993640177197,0.03652723508106696,,0.00014595124721392306,41.949741604003066,9.475692749023438
879,0.02317216958950726,0.035301659175673045,,0.00014381133517898833,41.960904651998135,8.937530517578125
880,0.023079470884155004,0.03414915961188239,0.03365037947838759,0.000141680874328033,41.41000637000252,9.170998573303223
881,0.02291100779137147,0.03655328948956889,,0.00013956005427995423,41.9927145440015,8.741000175476074
882,0.02258284754815177,0.03396249637007713,,0.00013744906379558195,41.93132106800476,8.16712474822998
883,0.02239319121897678,0.033971009181963434,,0.00013534809076087744,41.89988329200423,8.58486557006836
884,0.022431917708445763,0.03575222205269981,,0.00013325732217021302,41.418442031994346,8.517902374267578
885,0.021957977423748276,0.03423942966839752,,0.0001311769441097278,41.894113518006634,8.625114440917969
886,0.02191783868816758,0.03515314747755592,,0.00012910714174076406,42.29387516299903,8.16489028930664
887,0.021665355610713047,0.03350388069410582,,0.00012704809928338958,41.92848700999457,8.405926704406738
888,0.021874462594876992,0.03435102675009418,,0.00012500000000000027,41.432883196997864,9.48412799835205
889,0.021653198190176443,0.034959441795945165,,0.00012296302617900782,41.92909380299534,10.207730293273926
890,0.02147269589493977,0.03435827558105056,0.0336535073898352,0.00012093735911861821,41.881325795999146,8.493325233459473
891,0.021304134578907043,0.03407911261593973,,0.00011892317911069196,41.85486572600348,9.881834983825684
892,0.021159117068959517,0.03459704412600478,,0.0001169206654247021,41.43696826999803,10.30748462677002
893,0.02100560459846384,0.03407738757495945,,0.00011492999629177363,41.975851364004484,7.487881660461426
894,0.020882978314094088,0.033166701880258484,,0.00011295134888882279,41.9507412660023,8.870206832885742
895,0.020570871228041153,0.035080107623660886,,0.0001109848993227882,41.44615782400069,11.404234886169434
896,0.020558363171705472,0.032857803507028396,,0.00010903082261495551,41.94608237200009,9.654446601867676
897,0.020262975494186045,0.033910951300247294,,0.00010708929268538053,41.9520298599964,10.004425048828125
898,0.020273440926838058,0.03342320735792856,,0.00010516048233740835,41.95608308499504,9.079047203063965
899,0.020193124289182865,0.033198598983722766,,0.00010324456324229531,41.459561313997256,8.901817321777344
900,0.019905996846746574,0.033495702805954056,0.03377087351723309,0.00010134170592392854,41.97654547399725,7.946990013122559
901,0.0199349150901764,0.03321519225231699,,9.945207974364769e-05,42.0098662370001,7.8214111328125
902,0.019726016394250565,0.03325665281028361,,9.75758528851732e-05,41.95441637899785,7.249269485473633
903,0.019440963117123337,0.03275645782013197,,9.571319233963636e-05,41.46909773800144,7.115121364593506
904,0.019246147455729817,0.03246572440540468,,9.386426389071532e-05,41.957122851999884,9.15956974029541
905,0.0191572385191231,0.03278441736222924,,9.202923209988224e-05,41.98313961800159,8.359173774719238
906,0.01918595668371774,0.032697401195764544,,9.020826029175389e-05,41.39441605700267,8.044333457946777
907,0.018900025273975336,0.03260290629759028,,8.840151053955773e-05,41.94587739700364,7.817231178283691
908,0.018717934331014725,0.03238969828832794,,8.660914365070544e-05,41.955682305000664,7.304444313049316
909,0.018701712228179034,0.033300246167424566,,8.483131915247977e-05,41.935620292999374,7.3458571434021
910,0.018559201690234287,0.03250238460463446,0.03322184643279897,8.306819527783787e-05,41.43180805500015,7.76443338394165
911,0.01846192920787864,0.032387736983395914,,8.131992895132707e-05,41.91967885199847,8.184423446655273
912,0.018277232743435023,0.03219948773448532,,7.958667577511688e-05,41.98811663699598,9.197985649108887
913,0.0181906996080348,0.03282907854866337,,7.786859001515194e-05,42.02227665200189,8.280595779418945
914,0.01805680375653471,0.03236573581155893,,7.61658245874207e-05,41.3982299470008,7.809209823608398
915,0.01802872624266142,0.03215472170630017,,7.447853104434444e-05,41.92789217000245,8.29334545135498
916,0.01768901465986203,0.03239342992168826,,7.280685956129072e-05,41.96103877200221,7.297863960266113
917,0.017785172401829096,0.03204654862953199,,7.115095892320437e-05,41.43505906100472,7.381825923919678
918,0.01751105280256975,0.032319646217935795,,6.951097651136894e-05,41.98380522400112,7.2627177238464355
919,0.017422990896694378,0.031859645720671965,,6.788705829028503e-05,41.9807168719999,7.199549198150635
920,0.017378389063128583,0.032070197547609744,0.032514407075125804,6.627934879468088e-05,41.96724501699646,8.475528717041016
921,0.017154013098980837,0.03199386502037177,,6.468799111665e-05,41.42798828599916,7.783780097961426
922,0.017085785527075435,0.031974030376688854,,6.311312689291155e-05,41.92549952599802,8.308714866638184
923,0.016906431310357895,0.03265049757586943,,6.155489629220776e-05,41.96434223999677,7.307931423187256
924,0.016725410526750643,0.03179810968403881,,6.001343800282566e-05,41.92169622000074,8.105563163757324
925,0.01672425730540033,0.03188529068956504,,5.848888922025541e-05,41.40563343700342,7.9792633056640625
926,0.016623443917634106,0.031918402579990596,,5.698138563497856e-05,41.94550502199854,8.238972663879395
927,0.016470634196160964,0.031747051721086376,,5.549106142039042e-05,41.94783209900197,7.715182304382324
928,0.016221115042074744,0.031917583831661454,,5.401804922085848e-05,41.915507363999495,7.62551212310791
929,0.016190629821599616,0.031498884278777485,,5.2562480139918597e-05,41.45656299500115,7.656428337097168
930,0.016119613855605276,0.031716883756421704,0.03236306519893399,5.112448372860254e-05,41.91046698400169,7.632647514343262
931,0.016014942302298867,0.03163236420903657,,4.970418797391054e-05,41.98691701899952,7.019922256469727
932,0.01598511428541849,0.031154046358691678,,4.8301719287419025e-05,41.98979223400238,8.01880931854248
933,0.015922281221663597,0.03134644088914265,,4.6917202494028535e-05,41.37847284900636,8.272934913635254
934,0.015741292642869213,0.03127332983186116,,4.555076082085574e-05,41.96286961599981,7.285475254058838
935,0.01568315432973621,0.03170560429225097,,4.4202515886263756e-05,41.96124163999775,7.5244140625
936,0.015493089966869229,0.03200712880572757,,4.2872587689039454e-05,41.46562830699986,7.408249378204346
937,0.015461472440475237,0.031349874106613364,,4.156109459771226e-05,41.97396504300559,7.720506191253662
938,0.015402073525929118,0.031258897865946225,,4.0268153340018236e-05,41.98578024299786,7.264407157897949
939,0.015257329613885586,0.031075765142166936,,3.899387899251239e-05,41.999773767005536,8.275030136108398
940,0.015193148312335852,0.031181860332553452,0.03185690785792187,3.773838497032567e-05,41.45990163800161,7.568211078643799
941,0.015159430723251228,0.03128904629800771,,3.650178301706986e-05,41.89388514599705,7.434820175170898
942,0.014968260640954158,0.03105363056466386,,3.528418319489346e-05,41.95485126499989,6.039133071899414
943,0.014909178028401566,0.030957196995213224,,3.408569387468497e-05,41.94691932700516,6.848155975341797
944,0.014851339461707337,0.03123966671929166,,3.2906421726426885e-05,41.48479408099956,6.585200786590576
945,0.014717828218723271,0.030931665385897096,,3.1746471709703156e-05,41.96521259900328,5.923417091369629
946,0.014625958983040989,0.031175968322802235,,3.060594706435549e-05,41.97191964699596,7.382632732391357
947,0.01463503007385558,0.031073137956696587,,2.9484949301297192e-05,41.501545102997625,6.905109882354736
948,0.014503528818044804,0.031000887068945007,,2.8383578193475505e-05,41.97206257299695,7.0446953773498535
949,0.014514223760040388,0.031035053639395817,,2.7301931766992998e-05,41.95990097700269,6.63082218170166
950,0.014361139851659823,0.031050618486227217,0.03179996980041483,2.6240106292383047e-05,41.9548672230012,7.095676422119141
951,0.014297274236286671,0.03069103176932077,,2.519819627604075e-05,41.410435885998595,7.2952494621276855
952,0.014301729031915343,0.030868127791059984,,2.417629445181199e-05,41.99546924599417,8.63074779510498
953,0.01412612100841474,0.03073969599161599,,2.3174491772738917e-05,41.96344055499503,7.870608329772949
954,0.014075133004788874,0.030694258776870934,,2.219287740296602e-05,41.9553942210041,7.932914733886719
955,0.014017881154334763,0.030706755776663083,,2.1231538709803543e-05,41.41640054399613,6.500278949737549
956,0.013910107486193103,0.030661985318402987,,2.0290561255950993e-05,41.97417660700012,5.74630069732666
957,0.013924896565128311,0.03064196960547486,,1.937002879188279e-05,41.997776315998635,6.382406234741211
958,0.013840190792767305,0.03067655978170601,,1.847002324839358e-05,41.455100226005015,7.616270065307617
959,0.013755298618248694,0.03077742539950319,,1.759062472930572e-05,41.99952946799749,5.710076808929443
960,0.01370924156545277,0.030546523691029163,0.03136292392265622,1.6731911504340776e-05,41.96909245700226,5.690481185913086
961,0.013617374683996653,0.030740927773955706,,1.5893960002151956e-05,41.99467545000516,6.2966108322143555
962,0.013551619898656565,0.030625618903620824,,1.507684480352289e-05,41.43059939500381,5.350907325744629
963,0.013599288766942703,0.030655777887315362,,1.4280638634729056e-05,41.9996279919942,7.00087308883667
964,0.013500340730702637,0.030749785749090684,,1.3505412361064447e-05,41.960745781994774,6.870455265045166
965,0.013473501438793374,0.030568633450044166,,1.2751234980535288e-05,41.938981373998104,7.2884297370910645
966,0.013351628503220553,0.030614934589814496,,1.2018173617718449e-05,41.36680184800207,6.316136360168457
967,0.013343281006251038,0.030635570120569822,,1.1306293517786638e-05,41.96329739799694,6.645642280578613
968,0.013295177591968178,0.030697009652047545,,1.061565804070227e-05,41.95521963999636,5.649271011352539
969,0.013296744402769718,0.03065340569293177,,9.946328655577702e-06,41.958153182997194,6.101931571960449
970,0.013153071857581269,0.03065102574591701,0.031333723316227434,9.29836493520394e-06,41.373679304997495,6.014105796813965
971,0.013230199575238287,0.030630611869934442,,8.671824550749158e-06,41.979427336998924,5.8853020668029785
972,0.013037595064906607,0.030616149688894683,,8.066763266625332e-06,41.947417534000124,5.526217937469482
973,0.013124798837470001,0.030538090197621166,,7.483234935524824e-06,41.93765934800467,5.0633544921875
974,0.013064548402717212,0.030508471673002115,,6.921291493627824e-06,41.38166000700585,6.052322864532471
975,0.012978737728738168,0.030520080563587113,,6.380982955979132e-06,41.95801899799699,5.5437493324279785
976,0.012952340300232458,0.030598043177176168,,5.86235741203769e-06,41.99028715700115,6.2209649085998535
977,0.012924905375697276,0.03043907773051713,,5.365461021395147e-06,41.44183371100371,7.112699508666992
978,0.012924679116151097,0.030492665246129036,,4.890338009668368e-06,41.91778297199926,5.6489667892456055
979,0.012868019477812834,0.030485424107393702,,4.4370306645629935e-06,42.05221564199746,5.617367267608643
980,0.012831793452707796,0.030481912145340764,0.031239774037342873,4.005579332109596e-06,43.27695336700708,4.986934185028076
981,0.012828130288417817,0.030532424353264472,,3.596022413072911e-06,42.68230617300287,5.666100978851318
982,0.012820456425468089,0.03043075218998097,,3.20839635953357e-06,43.25029759699828,5.904277324676514
983,0.01269873650923314,0.030427480489015578,,2.842735671644307e-06,43.02623517699976,5.641125679016113
984,0.01269742718409754,0.03045042479360426,,2.499072894559083e-06,43.25862235900422,5.870639801025391
985,0.01274414475553181,0.030445684039512196,,2.177438615536152e-06,42.73150516599708,6.175910472869873
986,0.012715340607161427,0.030455403462857814,,1.877861461216239e-06,43.2275600819994,6.597819805145264
987,0.012655974562403222,0.030431212434494818,,1.6003680950742716e-06,43.2658839440046,5.012061595916748
988,0.012680372606691208,0.030455099086503724,,1.3449832150462794e-06,42.71210701399832,5.6023030281066895
989,0.012688545260807203,0.030457025585142343,,1.1117295513313744e-06,43.25177617400186,5.7503767013549805
990,0.012641884536695114,0.030419267915390635,0.031269046743094484,9.006278643683967e-07,42.26258776800387,6.25540828704834
991,0.012607953943769786,0.030454825640127466,,7.116969429883929e-07,41.91737325699796,5.646845817565918
992,0.012588403824959916,0.030451796274330166,,5.449536027423425e-07,41.436945059998834,5.21362829208374
993,0.012565421355233999,0.03043237892357079,,4.004126844042441e-07,41.96296287899895,5.657392501831055
994,0.012604070664696295,0.03041695848711439,,2.780870526505328e-07,42.036180993993185,5.907580852508545
995,0.01258652992618061,0.030483730852201178,,1.779875949149966e-07,41.93809905299713,5.310675144195557
996,0.012526151300506261,0.03043269190836597,,1.0012322041960668e-07,41.441606127998966,5.293447494506836
997,0.012558223021836977,0.030418651732238563,,4.450085938170753e-08,41.93391803800478,6.359629154205322
998,0.012607217020928974,0.03040803224855178,,1.112546239726008e-08,41.91918741200061,5.2957539558410645
999,0.012571601658315897,0.030400940332863783,,0.0,41.38992517699808,4.737512111663818
1000,0.01259728688022726,0.030406666536991662,0.03125353201027334,1.1125462397260089e-08,42.68272009700013,4.3649468421936035
